gift_idea,average_price_gbp,average_rating,main_categories,sub_categories,num_products
Aisna Women'S Handbag,25.73763058823529,3.854893617021277,"['stores', ""kids' fashion"", 'bags & luggage', 'sports & fitness', 'accessories']","['Wallets', 'Bags & Luggage', 'Suitcases & Trolley Bags', 'Baby Fashion', 'The Designer Boutique', 'Fashion Sales & Deals', 'Travel Accessories', 'Handbags & Clutches', 'Backpacks', 'Amazon Fashion', 'Camping & Hiking', ""Men's Fashion"", 'Travel Duffles', 'School Bags', 'All Sports, Fitness & Outdoors', ""Women's Fashion""]",8642
Allen Solly Men Shirt,18.431721907841553,3.8240802675585286,"['stores', ""kids' fashion"", 'bags & luggage', ""men's clothing"", ""women's clothing"", 'industrial supplies', ""men's shoes"", 'sports & fitness', 'music', 'accessories', 'home & kitchen']","['Bags & Luggage', 'Ethnic Wear', 'Cricket', 'T-shirts & Polos', 'Western Wear', 'Amazon Fashion', ""Men's Fashion"", 'Football', 'Running', 'All Sports, Fitness & Outdoors', 'Lab & Scientific', 'Travel Accessories', 'All Home & Kitchen', 'All Exercise & Fitness', ""Kids' Clothing"", 'Wallets', 'Lingerie & Nightwear', 'Musical Instruments & Professional Audio', 'Baby Fashion', ""Kids' Fashion"", 'Casual Shoes', 'Handbags & Clutches', 'Jeans', 'Shirts', 'Clothing', 'Innerwear', 'Sports Shoes']",2478
Amazon Brand - Symbol-Sy-Az-15-Silver-4,15.958636363636362,3.9165551250440296,"['beauty & health', 'stores', ""kids' fashion"", 'bags & luggage', ""women's shoes"", 'appliances', ""men's clothing"", ""women's clothing"", 'industrial supplies', ""men's shoes"", 'car & motorbike', 'sports & fitness', 'toys & baby products', 'grocery & gourmet foods', 'accessories', 'tv, audio & cameras', 'home & kitchen']","['Cricket', 'T-shirts & Polos', 'Heating & Cooling Appliances', ""Men's Fashion"", 'Football', 'School Bags', 'Indoor Lighting', 'Shoes', 'Home Furnishing', 'Lingerie & Nightwear', 'Industrial & Scientific Supplies', 'Yoga', ""Women's Fashion"", 'Janitorial & Sanitation Supplies', 'All Electronics', 'Cycling', 'Running', 'Formal Shoes', 'Car Electronics', 'Furniture', 'Kitchen & Dining', 'Sportswear', 'Diapers', ""Kids' Clothing"", 'Wallets', 'Car Accessories', 'The Designer Boutique', 'Fashion & Silver Jewellery', 'Snack Foods', 'Value Bazaar', 'Cameras', 'Diet & Nutrition', 'Home Storage', 'Garden & Outdoors', 'Sports Shoes', 'Bags & Luggage', 'Ethnic Wear', 'Speakers', 'All Grocery & Gourmet Foods', 'Amazon Fashion', 'All Sports, Fitness & Outdoors', 'Kitchen & Home Appliances', 'Suitcases & Trolley Bags', 'Travel Accessories', 'Badminton', 'Bedroom Linen', 'All Car & Motorbike Products', 'Household Supplies', 'Strength Training', 'Baby Fashion', 'Casual Shoes', 'Handbags & Clutches', 'Home Improvement', 'Shirts', 'Fitness Accessories', 'Make-up', 'Clothing', 'Innerwear', 'Backpacks', ""Kids' Shoes"", 'All Appliances', 'Western Wear', 'Toys & Games', 'Coffee, Tea & Beverages', 'Watches', 'Health & Personal Care', 'All Home & Kitchen', 'All Exercise & Fitness', 'Home Décor', ""Kids' Fashion"", 'Beauty & Grooming', 'Jeans', 'Baby Products', 'Car & Bike Care', 'Jewellery', 'Kitchen Storage & Containers', 'Headphones', 'Sewing & Craft Supplies']",6026
And Women Top,15.343290439163288,3.828613868560249,"['beauty & health', 'stores', ""kids' fashion"", 'bags & luggage', ""women's shoes"", 'appliances', ""men's clothing"", ""women's clothing"", 'industrial supplies', ""men's shoes"", 'car & motorbike', 'sports & fitness', 'toys & baby products', 'grocery & gourmet foods', 'accessories', 'music', 'tv, audio & cameras', 'home & kitchen']","['Cricket', 'T-shirts & Polos', ""Men's Fashion"", 'Football', 'School Bags', 'Lab & Scientific', 'Fashion Sandals', 'Travel Duffles', 'Shoes', 'Home Furnishing', 'Ballerinas', 'Lingerie & Nightwear', 'Yoga', ""Women's Fashion"", 'Janitorial & Sanitation Supplies', 'All Electronics', 'Cycling', 'Running', 'Formal Shoes', 'Rucksacks', 'Gold & Diamond Jewellery', 'Kitchen & Dining', 'Sportswear', 'Diapers', ""Kids' Clothing"", 'Wallets', 'The Designer Boutique', 'Fashion & Silver Jewellery', 'Value Bazaar', 'Diet & Nutrition', 'Home Storage', 'Garden & Outdoors', 'Sports Shoes', ""Kids' Watches"", 'Ethnic Wear', 'Bags & Luggage', 'All Grocery & Gourmet Foods', 'Amazon Fashion', 'All Sports, Fitness & Outdoors', 'Kitchen & Home Appliances', 'Suitcases & Trolley Bags', 'Travel Accessories', 'Badminton', 'Bedroom Linen', 'All Car & Motorbike Products', 'Musical Instruments & Professional Audio', 'Household Supplies', 'Strength Training', 'Baby Fashion', 'Casual Shoes', 'Handbags & Clutches', 'Home Improvement', 'Shirts', 'Personal Care Appliances', 'Fitness Accessories', 'Make-up', 'Clothing', 'Innerwear', 'Backpacks', 'Motorbike Accessories & Parts', ""Kids' Shoes"", 'Luxury Beauty', 'Western Wear', 'Toys & Games', 'Coffee, Tea & Beverages', 'Sunglasses', 'Watches', 'Health & Personal Care', 'All Home & Kitchen', 'All Exercise & Fitness', 'Home Décor', ""Kids' Fashion"", 'Camping & Hiking', 'Beauty & Grooming', 'Jeans', 'Baby Products', 'Jewellery', 'Kitchen Storage & Containers', 'Sewing & Craft Supplies']",36938
And Women'S Shrugs,17.150255027865274,3.778486438548518,"['beauty & health', 'stores', 'pet supplies', ""kids' fashion"", 'bags & luggage', ""women's shoes"", ""men's clothing"", ""women's clothing"", 'industrial supplies', ""men's shoes"", 'car & motorbike', 'sports & fitness', 'toys & baby products', 'grocery & gourmet foods', 'accessories', 'tv, audio & cameras', 'home & kitchen']","[""Men's Fashion"", ""Kids' Watches"", 'Ethnic Wear', 'Cricket', 'Bags & Luggage', 'Camera Accessories', 'T-shirts & Polos', 'Luxury Beauty', 'All Grocery & Gourmet Foods', 'Amazon Fashion', 'Toys & Games', 'Cycling', 'Coffee, Tea & Beverages', 'All Pet Supplies', 'Sunglasses', 'Running', 'Football', 'School Bags', 'All Sports, Fitness & Outdoors', 'Formal Shoes', 'Watches', 'Suitcases & Trolley Bags', 'Fashion Sandals', 'Baby Bath, Skin & Grooming', 'Travel Accessories', 'Shoes', 'Gold & Diamond Jewellery', 'All Exercise & Fitness', 'Home Furnishing', 'Western Wear', 'Ballerinas', 'Sportswear', ""Kids' Clothing"", 'All Car & Motorbike Products', 'Wallets', 'Lingerie & Nightwear', 'Baby Fashion', 'The Designer Boutique', ""Kids' Fashion"", 'Casual Shoes', 'Fashion & Silver Jewellery', 'Handbags & Clutches', 'Beauty & Grooming', 'Jeans', 'Baby Products', 'Jewellery', 'Cameras', 'Diet & Nutrition', 'Shirts', 'Fashion Sales & Deals', 'Make-up', 'Clothing', 'Industrial & Scientific Supplies', 'Innerwear', 'Sports Shoes', 'Backpacks', 'Motorbike Accessories & Parts', 'Yoga', ""Kids' Shoes"", ""Women's Fashion"", 'Sewing & Craft Supplies']",33434
Aones Pack Of 2 Silicone Watch Strap Compatible For Aqfit W6 Smart Watch Band Black,9.825252837977295,3.7369747899159664,"['stores', ""kids' fashion"", 'sports & fitness', 'toys & baby products', 'accessories', 'tv, audio & cameras']","[""Kids' Watches"", 'Cameras', 'Camera Accessories', ""Kids' Fashion"", 'All Electronics', 'Fashion & Silver Jewellery', 'Amazon Fashion', ""Men's Fashion"", 'Running', 'Strollers & Prams', 'Watches']",3886
Arrow Men Shirt,20.231410177805028,3.8607734806629836,"['stores', ""kids' fashion"", ""men's clothing"", ""women's clothing"", ""men's shoes"", 'sports & fitness', 'accessories']","[""Kids' Watches"", 'Shirts', 'T-shirts & Polos', 'Clothing', 'Casual Shoes', 'Badminton', ""Men's Fashion"", 'Jeans', 'Formal Shoes', 'Jewellery']",4060
Avsar 18K Yellow Gold And Diamond Ring For Women,260.9914301191766,2.9865671641791045,['accessories'],['Gold & Diamond Jewellery'],7384
Ayukta Women'S Cotton Salwar Suit Set,22.789420442571124,3.6783898305084746,"['stores', ""kids' fashion"", ""men's clothing"", ""women's clothing"", ""men's shoes"", 'sports & fitness', 'accessories']","['Ethnic Wear', 'Cricket', 'T-shirts & Polos', 'Western Wear', 'Amazon Fashion', ""Men's Fashion"", 'Football', 'All Exercise & Fitness', ""Kids' Clothing"", 'Lingerie & Nightwear', 'Baby Fashion', 'The Designer Boutique', ""Kids' Fashion"", 'Casual Shoes', 'Jewellery', 'Clothing', 'Innerwear', 'Yoga', ""Women's Fashion""]",5736
B-Ned-K Men'S Muccasin Shoes::Nagara Shoes For Men::Trending Shoes Shoes For Men And Boys::Slip-On Shoes For Men,35.71940817520689,3.6322955459556083,"['stores', 'pet supplies', ""women's shoes"", ""kids' fashion"", 'bags & luggage', ""men's clothing"", ""women's clothing"", 'industrial supplies', ""men's shoes"", 'sports & fitness', 'toys & baby products', 'accessories', 'home & kitchen']","['Bags & Luggage', 'Cricket', 'T-shirts & Polos', 'Amazon Fashion', ""Men's Fashion"", 'Cycling', 'Football', 'Running', 'All Sports, Fitness & Outdoors', 'Formal Shoes', 'Fashion Sandals', 'Furniture', 'Badminton', 'Shoes', 'All Exercise & Fitness', 'Home Décor', 'Sportswear', 'Ballerinas', ""Kids' Clothing"", 'Wallets', 'Baby Fashion', 'The Designer Boutique', ""Kids' Fashion"", 'Casual Shoes', 'Handbags & Clutches', 'Dog supplies', 'Baby Products', 'Jewellery', 'Shirts', 'Fashion Sales & Deals', 'Clothing', 'Industrial & Scientific Supplies', 'Innerwear', 'Sports Shoes', ""Kids' Shoes"", ""Women's Fashion""]",24932
Bakefat India Vanilla Frappe Powder/Coffee Thickener Powder-250Gm,16.697501701837986,3.7710477941176466,"['beauty & health', ""men's clothing"", 'music', 'grocery & gourmet foods', 'bags & luggage', 'industrial supplies', 'car & motorbike', 'stores', 'pet supplies', 'appliances', ""women's clothing"", ""men's shoes"", 'sports & fitness', 'accessories', 'tv, audio & cameras', 'home & kitchen', ""kids' fashion"", ""women's shoes"", 'toys & baby products']","['Cricket', 'Home Audio & Theater', 'Camera Accessories', 'T-shirts & Polos', 'Heating & Cooling Appliances', ""Men's Fashion"", 'Football', 'School Bags', 'Lab & Scientific', 'STEM Toys Store', 'Travel Duffles', 'Shoes', 'Nursing & Feeding', 'Home Furnishing', 'Security Cameras', 'Ballerinas', 'Lingerie & Nightwear', 'Yoga', ""Women's Fashion"", 'Toys Gifting Store', 'Janitorial & Sanitation Supplies', 'All Electronics', 'Cycling', 'All Pet Supplies', 'Running', 'Televisions', 'Formal Shoes', 'Car Electronics', 'Furniture', 'Kitchen & Dining', ""Kids' Clothing"", 'Wallets', 'Car Accessories', 'Fashion & Silver Jewellery', 'Dog supplies', 'Cameras', 'Diet & Nutrition', 'Home Storage', 'Garden & Outdoors', 'Sports Shoes', ""Kids' Watches"", 'Ethnic Wear', 'Bags & Luggage', 'Car Parts', 'Speakers', 'All Grocery & Gourmet Foods', 'Amazon Fashion', 'All Sports, Fitness & Outdoors', 'Kitchen & Home Appliances', 'Baby Bath, Skin & Grooming', 'Travel Accessories', 'Badminton', 'Bedroom Linen', 'Home Entertainment Systems', 'All Car & Motorbike Products', 'Musical Instruments & Professional Audio', 'Household Supplies', 'Strength Training', 'Baby Fashion', 'Casual Shoes', 'Handbags & Clutches', 'Refrigerators', 'Home Improvement', 'Shirts', 'Personal Care Appliances', 'Fitness Accessories', 'Make-up', 'Clothing', 'Innerwear', 'Backpacks', 'Motorbike Accessories & Parts', 'Test, Measure & Inspect', ""Kids' Shoes"", 'All Appliances', 'Western Wear', 'Toys & Games', 'Coffee, Tea & Beverages', 'Sunglasses', 'Watches', 'Health & Personal Care', 'All Home & Kitchen', 'All Exercise & Fitness', 'Home Décor', ""Kids' Fashion"", 'Camping & Hiking', 'Beauty & Grooming', 'Jeans', 'Washing Machines', 'Baby Products', 'Car & Bike Care', 'Jewellery', 'Kitchen Storage & Containers', 'Headphones', 'Sewing & Craft Supplies']",2946
Beethosol Washing Machine,99.16508992053535,3.9759151193633953,"['beauty & health', 'stores', ""kids' fashion"", 'appliances', 'bags & luggage', ""men's clothing"", 'industrial supplies', ""men's shoes"", 'car & motorbike', 'sports & fitness', 'music', 'grocery & gourmet foods', 'accessories', 'tv, audio & cameras', 'home & kitchen']","['Bags & Luggage', 'All Appliances', 'Cardio Equipment', 'Camera Accessories', 'Janitorial & Sanitation Supplies', 'Heating & Cooling Appliances', 'All Electronics', 'All Grocery & Gourmet Foods', 'Amazon Fashion', 'Coffee, Tea & Beverages', 'School Bags', 'Lab & Scientific', 'Kitchen & Home Appliances', 'Health & Personal Care', 'Travel Accessories', 'Badminton', 'All Home & Kitchen', 'All Exercise & Fitness', 'Kitchen & Dining', 'All Car & Motorbike Products', 'Musical Instruments & Professional Audio', 'Household Supplies', 'Strength Training', 'Casual Shoes', 'Handbags & Clutches', 'Beauty & Grooming', 'Refrigerators', 'Washing Machines', 'Value Bazaar', 'Home Improvement', 'Car & Bike Care', 'Shirts', 'Home Storage', 'Personal Care Appliances', 'Make-up', 'Garden & Outdoors', 'Test, Measure & Inspect', 'Sewing & Craft Supplies']",5340
Bhati Stainless Steel Ghee Can/Oil Container/Milk Pot/Milk Can,20.036831463990556,3.8861813343470826,"['beauty & health', 'stores', 'pet supplies', ""kids' fashion"", 'bags & luggage', 'appliances', ""men's clothing"", ""women's clothing"", 'industrial supplies', ""men's shoes"", 'car & motorbike', 'sports & fitness', 'toys & baby products', 'grocery & gourmet foods', 'accessories', 'music', 'tv, audio & cameras', 'home & kitchen']","['Camera Accessories', 'Heating & Cooling Appliances', ""Men's Fashion"", 'Football', 'School Bags', 'Lab & Scientific', 'Indoor Lighting', 'Travel Duffles', 'Nursing & Feeding', 'Home Furnishing', 'Security Cameras', 'Lingerie & Nightwear', 'Industrial & Scientific Supplies', 'Yoga', ""Women's Fashion"", 'Janitorial & Sanitation Supplies', 'All Electronics', 'Cycling', 'All Pet Supplies', 'Formal Shoes', 'Rucksacks', 'Furniture', 'Gold & Diamond Jewellery', 'Kitchen & Dining', 'Sportswear', 'Diapers', 'Wallets', 'Car Accessories', 'Fashion & Silver Jewellery', 'Dog supplies', 'Cameras', 'Diet & Nutrition', 'Home Storage', 'Garden & Outdoors', 'Sports Shoes', ""Kids' Watches"", 'Ethnic Wear', 'Bags & Luggage', 'Car Parts', 'Speakers', 'All Grocery & Gourmet Foods', 'Amazon Fashion', 'All Sports, Fitness & Outdoors', 'Kitchen & Home Appliances', 'Suitcases & Trolley Bags', 'Baby Bath, Skin & Grooming', 'Travel Accessories', 'Badminton', 'Home Entertainment Systems', 'All Car & Motorbike Products', 'Musical Instruments & Professional Audio', 'Household Supplies', 'Strength Training', 'Baby Fashion', 'Casual Shoes', 'Handbags & Clutches', 'Refrigerators', 'Home Improvement', 'Shirts', 'Personal Care Appliances', 'Fitness Accessories', 'Make-up', 'Innerwear', 'Backpacks', 'Motorbike Accessories & Parts', 'Test, Measure & Inspect', ""Kids' Shoes"", 'All Appliances', 'Cardio Equipment', 'Western Wear', 'Toys & Games', 'Sunglasses', 'Watches', 'Health & Personal Care', 'All Home & Kitchen', 'All Exercise & Fitness', 'Strollers & Prams', 'Home Décor', ""Kids' Fashion"", 'Camping & Hiking', 'Beauty & Grooming', 'Jeans', 'Washing Machines', 'Baby Products', 'Car & Bike Care', 'Jewellery', 'Kitchen Storage & Containers', 'Headphones', 'Sewing & Craft Supplies']",13788
"Bralux Womens Bra Non-Wired Bra, Padded T-Shirt Bra, B Cup Cotton Bra, Full Coverage Bra - Liza",7.651476750127746,3.8218861583700905,"['stores', ""kids' fashion"", 'bags & luggage', ""men's clothing"", ""women's clothing"", 'sports & fitness', 'toys & baby products', 'accessories']","[""Kids' Clothing"", 'Bags & Luggage', 'Ethnic Wear', 'Lingerie & Nightwear', 'T-shirts & Polos', 'Nursing & Feeding', ""Kids' Fashion"", 'Clothing', 'Travel Accessories', 'Innerwear', 'Western Wear', 'Amazon Fashion', 'Camping & Hiking', 'All Exercise & Fitness', 'Running', 'All Sports, Fitness & Outdoors', 'Baby Products', ""Women's Fashion""]",11794
Bric'S Brics X-Bag Shopper Black_Black X,879.6839543200024,3.9255488108009104,"['beauty & health', ""men's clothing"", 'music', 'grocery & gourmet foods', 'bags & luggage', 'industrial supplies', 'car & motorbike', 'stores', 'home, kitchen, pets', 'pet supplies', 'appliances', ""women's clothing"", ""men's shoes"", 'sports & fitness', 'accessories', 'tv, audio & cameras', 'home & kitchen', ""kids' fashion"", ""women's shoes"", 'toys & baby products']","['Cricket', 'Home Audio & Theater', 'Camera Accessories', 'T-shirts & Polos', 'Heating & Cooling Appliances', ""Men's Fashion"", 'Football', 'School Bags', 'Lab & Scientific', 'Indoor Lighting', 'Fashion Sandals', 'STEM Toys Store', 'Travel Duffles', 'Shoes', 'Nursing & Feeding', 'Home Furnishing', 'Security Cameras', 'Ballerinas', 'Lingerie & Nightwear', 'Industrial & Scientific Supplies', 'Yoga', ""Women's Fashion"", 'Toys Gifting Store', 'Janitorial & Sanitation Supplies', 'All Electronics', 'Cycling', 'All Pet Supplies', 'Running', 'Televisions', 'Formal Shoes', 'Rucksacks', 'Furniture', 'Car Electronics', 'Gold & Diamond Jewellery', 'Kitchen & Dining', 'Sportswear', 'Diapers', ""Kids' Clothing"", 'Wallets', 'Car Accessories', 'The Designer Boutique', 'Fashion & Silver Jewellery', 'Snack Foods', 'Air Conditioners', 'Dog supplies', 'Value Bazaar', 'Cameras', 'Diet & Nutrition', 'Home Storage', 'Garden & Outdoors', 'Sports Shoes', ""Kids' Watches"", 'Ethnic Wear', 'Bags & Luggage', 'Car Parts', 'Speakers', 'All Grocery & Gourmet Foods', 'Amazon Fashion', 'Refurbished & Open Box', 'All Sports, Fitness & Outdoors', 'International Toy Store', 'Kitchen & Home Appliances', 'Suitcases & Trolley Bags', 'Baby Bath, Skin & Grooming', 'Travel Accessories', 'Badminton', 'Bedroom Linen', 'Home Entertainment Systems', 'All Car & Motorbike Products', 'Musical Instruments & Professional Audio', 'Household Supplies', 'Strength Training', 'Baby Fashion', 'Casual Shoes', 'Handbags & Clutches', 'Refrigerators', 'Home Improvement', 'Shirts', 'Personal Care Appliances', 'Fitness Accessories', 'Make-up', 'Clothing', 'Innerwear', 'Backpacks', 'Motorbike Accessories & Parts', 'Test, Measure & Inspect', ""Kids' Shoes"", 'All Appliances', 'Cardio Equipment', 'Luxury Beauty', 'Western Wear', 'Toys & Games', 'Coffee, Tea & Beverages', 'Sunglasses', 'Watches', 'Health & Personal Care', 'All Home & Kitchen', 'All Exercise & Fitness', 'Strollers & Prams', 'Home Décor', ""Kids' Fashion"", 'Camping & Hiking', 'Beauty & Grooming', 'Jeans', 'Washing Machines', 'Baby Products', 'Car & Bike Care', 'Jewellery', 'Fashion Sales & Deals', 'Kitchen Storage & Containers', 'Headphones', 'Sewing & Craft Supplies']",202362
"C & E Hdmi Cable – 4K Hdmi Cord (Hdmi To Hdmi Cable @30Hz High Speed With Ethernet 8 Ft Male To Male /2.44 Meter (Black, F...",31.482328130189305,3.9747879722436394,"['industrial supplies', 'tv, audio & cameras']","['Cameras', 'Home Audio & Theater', 'Camera Accessories', 'Industrial & Scientific Supplies', 'All Electronics', 'Speakers', 'Home Entertainment Systems', 'Lab & Scientific']",6038
Candere By Kalyan Jewellers 18K Yellow Gold And Diamond Ring For Women,225.00148709315377,3.9540752351097175,"[""kids' fashion"", 'stores', 'accessories']","[""Kids' Fashion"", 'Fashion & Silver Jewellery', 'Amazon Fashion', ""Men's Fashion"", 'Gold & Diamond Jewellery', ""Women's Fashion"", 'Jewellery']",5844
Caprese Women'S Tiffany,32.47484069886948,3.962786885245902,"['stores', ""kids' fashion"", 'bags & luggage', ""women's clothing"", 'accessories']","['Wallets', 'Bags & Luggage', 'Fashion Sales & Deals', 'Handbags & Clutches', 'Backpacks', 'Western Wear', 'School Bags', ""Women's Fashion""]",1984
Car Side Decals For All Cars_5.1 Decals,27.24465004374453,3.735017123287671,"['beauty & health', 'stores', 'pet supplies', ""kids' fashion"", 'bags & luggage', 'appliances', ""women's shoes"", ""men's clothing"", ""women's clothing"", 'industrial supplies', ""men's shoes"", 'car & motorbike', 'sports & fitness', 'toys & baby products', 'accessories', 'tv, audio & cameras', 'home & kitchen']","['Bags & Luggage', 'All Appliances', 'Toys Gifting Store', 'Camera Accessories', 'Home Audio & Theater', 'T-shirts & Polos', 'Janitorial & Sanitation Supplies', 'Luxury Beauty', 'All Electronics', 'Heating & Cooling Appliances', 'Car Parts', 'Speakers', 'Amazon Fashion', 'Toys & Games', 'Cycling', 'All Pet Supplies', ""Men's Fashion"", 'Sunglasses', 'School Bags', 'All Sports, Fitness & Outdoors', 'Lab & Scientific', 'Indoor Lighting', 'Watches', 'Kitchen & Home Appliances', 'Baby Bath, Skin & Grooming', 'Health & Personal Care', 'Travel Accessories', 'Rucksacks', 'Furniture', 'Car Electronics', 'STEM Toys Store', 'Travel Duffles', 'Bedroom Linen', 'All Home & Kitchen', 'Shoes', 'Nursing & Feeding', 'Home Entertainment Systems', 'Home Furnishing', 'Security Cameras', 'Strollers & Prams', 'Sportswear', 'Home Décor', 'Diapers', 'All Car & Motorbike Products', 'Wallets', 'Car Accessories', 'Household Supplies', ""Kids' Fashion"", 'Fashion & Silver Jewellery', 'Handbags & Clutches', 'Camping & Hiking', 'Beauty & Grooming', 'Refrigerators', 'Air Conditioners', 'Dog supplies', 'Baby Products', 'Home Improvement', 'Car & Bike Care', 'Jewellery', 'Cameras', 'Home Storage', 'Garden & Outdoors', 'Clothing', 'Industrial & Scientific Supplies', 'Innerwear', 'Sports Shoes', 'Headphones', 'Backpacks', 'Motorbike Accessories & Parts', 'Yoga', 'Test, Measure & Inspect', ""Kids' Shoes"", 'Sewing & Craft Supplies']",9398
Casual Shirt Men Shirt,17.111219602977666,3.7348544453186467,"['beauty & health', 'stores', ""kids' fashion"", ""men's clothing"", ""women's clothing"", ""men's shoes"", 'sports & fitness', 'accessories', 'home & kitchen']","['Bags & Luggage', 'Ethnic Wear', 'Cricket', 'T-shirts & Polos', 'Western Wear', 'Amazon Fashion', ""Men's Fashion"", 'Cycling', 'Running', 'Formal Shoes', 'All Exercise & Fitness', 'Sportswear', ""Kids' Clothing"", 'Lingerie & Nightwear', 'Baby Fashion', 'The Designer Boutique', ""Kids' Fashion"", 'Casual Shoes', 'Fashion & Silver Jewellery', 'Beauty & Grooming', 'Jeans', 'Jewellery', 'Shirts', 'Home Storage', 'Clothing', 'Innerwear', 'Yoga', ""Women's Fashion""]",16342
Celtic Women'S Leather Shoulder Bag | Hand Bag | Tote Bag For Women |Girls,23.028291896390304,3.957351638618246,"['beauty & health', ""men's clothing"", 'music', 'grocery & gourmet foods', 'bags & luggage', 'industrial supplies', 'car & motorbike', 'stores', 'pet supplies', 'appliances', ""women's clothing"", ""men's shoes"", 'sports & fitness', 'accessories', 'tv, audio & cameras', 'home & kitchen', ""kids' fashion"", ""women's shoes"", 'toys & baby products']","['Bags & Luggage', 'Cricket', 'All Appliances', 'Cardio Equipment', 'Camera Accessories', 'Heating & Cooling Appliances', 'All Electronics', 'Speakers', 'All Grocery & Gourmet Foods', 'Amazon Fashion', 'Toys & Games', 'Cycling', 'Coffee, Tea & Beverages', 'All Pet Supplies', 'Football', ""Men's Fashion"", 'Western Wear', 'School Bags', 'All Sports, Fitness & Outdoors', 'Lab & Scientific', 'Formal Shoes', 'Kitchen & Home Appliances', 'Suitcases & Trolley Bags', 'Health & Personal Care', 'Travel Accessories', 'Rucksacks', 'Furniture', 'Badminton', 'Travel Duffles', 'Bedroom Linen', 'All Home & Kitchen', 'All Exercise & Fitness', 'Home Entertainment Systems', 'Kitchen & Dining', 'Strollers & Prams', 'Ballerinas', 'Diapers', ""Kids' Clothing"", 'All Car & Motorbike Products', 'Wallets', 'Lingerie & Nightwear', 'Car Accessories', 'Musical Instruments & Professional Audio', 'Strength Training', 'Baby Fashion', 'The Designer Boutique', ""Kids' Fashion"", 'Fashion & Silver Jewellery', 'Handbags & Clutches', 'Camping & Hiking', 'Beauty & Grooming', 'Jeans', 'Dog supplies', 'Jewellery', 'Cameras', 'Home Storage', 'Fashion Sales & Deals', 'Kitchen Storage & Containers', 'Garden & Outdoors', 'Clothing', 'Industrial & Scientific Supplies', 'Fitness Accessories', 'Sports Shoes', 'Make-up', 'Backpacks', 'Motorbike Accessories & Parts', 'Yoga', 'Test, Measure & Inspect', ""Kids' Shoes"", ""Women's Fashion"", 'Sewing & Craft Supplies']",19646
Cemera Light,29.93054266614235,3.8213443691999,"['beauty & health', ""men's clothing"", 'music', 'grocery & gourmet foods', 'bags & luggage', 'industrial supplies', 'car & motorbike', 'stores', 'pet supplies', 'appliances', ""women's clothing"", ""men's shoes"", 'sports & fitness', 'accessories', 'tv, audio & cameras', 'home & kitchen', ""kids' fashion"", ""women's shoes"", 'toys & baby products']","['Cricket', 'Home Audio & Theater', 'Camera Accessories', 'T-shirts & Polos', 'Heating & Cooling Appliances', ""Men's Fashion"", 'Football', 'School Bags', 'Lab & Scientific', 'Indoor Lighting', 'Fashion Sandals', 'Travel Duffles', 'Shoes', 'Nursing & Feeding', 'Home Furnishing', 'Security Cameras', 'Ballerinas', 'Lingerie & Nightwear', 'Industrial & Scientific Supplies', 'Yoga', ""Women's Fashion"", 'Toys Gifting Store', 'All Electronics', 'Cycling', 'All Pet Supplies', 'Running', 'Televisions', 'Formal Shoes', 'Rucksacks', 'Furniture', 'Car Electronics', 'Kitchen & Dining', 'Sportswear', ""Kids' Clothing"", 'Wallets', 'Car Accessories', 'The Designer Boutique', 'Fashion & Silver Jewellery', 'Snack Foods', 'Air Conditioners', 'Dog supplies', 'Cameras', 'Diet & Nutrition', 'Home Storage', 'Garden & Outdoors', 'Sports Shoes', ""Kids' Watches"", 'Ethnic Wear', 'Bags & Luggage', 'Car Parts', 'Speakers', 'All Grocery & Gourmet Foods', 'Amazon Fashion', 'All Sports, Fitness & Outdoors', 'Kitchen & Home Appliances', 'Suitcases & Trolley Bags', 'Baby Bath, Skin & Grooming', 'Travel Accessories', 'Badminton', 'Bedroom Linen', 'Home Entertainment Systems', 'All Car & Motorbike Products', 'Musical Instruments & Professional Audio', 'Household Supplies', 'Strength Training', 'Baby Fashion', 'Casual Shoes', 'Handbags & Clutches', 'Refrigerators', 'Home Improvement', 'Shirts', 'Personal Care Appliances', 'Fitness Accessories', 'Make-up', 'Clothing', 'Innerwear', 'Backpacks', 'Motorbike Accessories & Parts', 'Test, Measure & Inspect', ""Kids' Shoes"", 'All Appliances', 'Cardio Equipment', 'Luxury Beauty', 'Western Wear', 'Toys & Games', 'Coffee, Tea & Beverages', 'Sunglasses', 'Watches', 'Health & Personal Care', 'All Home & Kitchen', 'All Exercise & Fitness', 'Strollers & Prams', 'Home Décor', ""Kids' Fashion"", 'Camping & Hiking', 'Beauty & Grooming', 'Jeans', 'Baby Products', 'Car & Bike Care', 'Jewellery', 'Kitchen Storage & Containers', 'Headphones', 'Sewing & Craft Supplies']",10358
Centrino Men'S,18.07429090909091,3.513095238095238,"['stores', ""women's shoes"", ""kids' fashion"", ""men's shoes"", 'sports & fitness', 'accessories']","['Bags & Luggage', 'Formal Shoes', 'Fashion Sandals', ""Kids' Fashion"", 'Casual Shoes', 'Sports Shoes', 'Amazon Fashion', ""Men's Fashion"", 'Shoes', 'Running', 'Ballerinas', 'Sportswear', ""Women's Fashion""]",1650
Chill Out Printed Cotton Round Neck Regular Fit T-Shirt For Men |Half Sleeve T-Shirt|Round Neck T-Shirt For Women|T-Shirts...,10.425213044147053,3.8434983498349835,"['beauty & health', 'stores', 'pet supplies', ""kids' fashion"", 'appliances', 'bags & luggage', ""men's clothing"", ""women's clothing"", 'industrial supplies', ""men's shoes"", 'car & motorbike', 'sports & fitness', 'toys & baby products', 'music', 'accessories', 'tv, audio & cameras', 'home & kitchen']","['Bags & Luggage', 'Ethnic Wear', 'All Appliances', 'Cricket', 'Camera Accessories', 'T-shirts & Polos', 'Heating & Cooling Appliances', 'All Electronics', 'Western Wear', 'Amazon Fashion', ""Men's Fashion"", 'Cycling', 'All Pet Supplies', 'Football', 'Sunglasses', 'Running', 'All Sports, Fitness & Outdoors', 'Formal Shoes', 'Kitchen & Home Appliances', 'Health & Personal Care', 'Travel Accessories', 'Badminton', 'Bedroom Linen', 'All Exercise & Fitness', 'Nursing & Feeding', 'Home Furnishing', 'Sportswear', ""Kids' Clothing"", 'Musical Instruments & Professional Audio', 'Lingerie & Nightwear', 'Car Accessories', 'Baby Fashion', 'The Designer Boutique', ""Kids' Fashion"", 'Fashion & Silver Jewellery', 'Dog supplies', 'Home Improvement', 'Jewellery', 'Cameras', 'Shirts', 'Clothing', 'Headphones', 'Innerwear', 'Sports Shoes', 'Yoga', 'Test, Measure & Inspect', ""Women's Fashion"", 'Sewing & Craft Supplies']",13186
Coaster Mens Running Shoes Running Shoes,37.164451553930526,3.8026254646840147,"['stores', ""kids' fashion"", ""women's shoes"", 'appliances', ""men's clothing"", ""men's shoes"", 'sports & fitness', 'accessories']","['T-shirts & Polos', 'Heating & Cooling Appliances', 'Amazon Fashion', ""Men's Fashion"", 'Cycling', 'Football', 'Running', 'All Sports, Fitness & Outdoors', 'Formal Shoes', 'Watches', 'Shoes', 'Sportswear', 'Strength Training', 'Baby Fashion', ""Kids' Fashion"", 'Casual Shoes', 'Camping & Hiking', 'Innerwear', 'Sports Shoes', ""Kids' Shoes"", ""Women's Fashion""]",11304
Corxil Women'S Cotton Panties Cotton High Waist Panty Tummy Control Panty Tummy Tucker Hipster Pack Of 3,7.761217137293087,3.671150879358223,"['beauty & health', 'stores', ""kids' fashion"", 'bags & luggage', ""men's clothing"", ""women's clothing"", ""men's shoes"", 'sports & fitness', 'toys & baby products', 'accessories']","['Bags & Luggage', 'Ethnic Wear', 'Cardio Equipment', 'T-shirts & Polos', 'Western Wear', 'Amazon Fashion', ""Men's Fashion"", 'All Sports, Fitness & Outdoors', 'Travel Accessories', 'All Exercise & Fitness', ""Kids' Clothing"", 'Lingerie & Nightwear', 'Strength Training', 'Baby Fashion', 'The Designer Boutique', ""Kids' Fashion"", 'Casual Shoes', 'Fashion & Silver Jewellery', 'Camping & Hiking', 'Baby Products', 'Diet & Nutrition', 'Fitness Accessories', 'Clothing', 'Innerwear', 'Backpacks', 'Yoga', ""Women's Fashion""]",8310
D Shoes Sports Running Shoes For Men'S,14.531004202610042,3.4877374071015685,"['stores', ""women's shoes"", 'bags & luggage', ""kids' fashion"", ""men's clothing"", ""women's clothing"", ""men's shoes"", 'sports & fitness', 'grocery & gourmet foods', 'accessories', 'tv, audio & cameras', 'home & kitchen']","['Bags & Luggage', 'Cricket', 'Camera Accessories', 'T-shirts & Polos', 'Western Wear', 'Amazon Fashion', ""Men's Fashion"", 'Cycling', 'Football', 'Running', 'All Sports, Fitness & Outdoors', 'Formal Shoes', 'Fashion Sandals', 'Rucksacks', 'Badminton', 'Shoes', 'All Exercise & Fitness', 'Ballerinas', 'Sportswear', 'Lingerie & Nightwear', 'Strength Training', 'Baby Fashion', ""Kids' Fashion"", 'Casual Shoes', 'Snack Foods', 'Fitness Accessories', 'Clothing', 'Innerwear', 'Sports Shoes', 'Yoga', ""Kids' Shoes"", ""Women's Fashion"", 'Sewing & Craft Supplies']",9296
Daniel Klein Analog Gunmetal Dial Women'S Watch-Dk.1.12260-2,51.30896984924623,4.044807121661721,"['beauty & health', 'stores', ""women's shoes"", ""men's shoes"", 'accessories']","['Watches', 'Amazon Fashion', ""Men's Fashion"", 'Beauty & Grooming', 'Sunglasses', 'Ballerinas', 'Formal Shoes', ""Women's Fashion""]",1596
Decode Lr4121 Silver,32.98490488684815,4.024441608168475,"['beauty & health', ""men's clothing"", 'music', 'grocery & gourmet foods', 'bags & luggage', 'industrial supplies', 'car & motorbike', 'stores', 'pet supplies', 'appliances', ""women's clothing"", ""men's shoes"", 'sports & fitness', 'accessories', 'tv, audio & cameras', 'home & kitchen', ""kids' fashion"", ""women's shoes"", 'toys & baby products']","['Cricket', 'Camera Accessories', 'Heating & Cooling Appliances', ""Men's Fashion"", 'Lab & Scientific', 'Indoor Lighting', 'Fashion Sandals', 'Travel Duffles', 'Shoes', 'Nursing & Feeding', 'Home Furnishing', 'Lingerie & Nightwear', 'Industrial & Scientific Supplies', ""Women's Fashion"", 'Janitorial & Sanitation Supplies', 'All Electronics', 'Cycling', 'Rucksacks', 'Furniture', 'Gold & Diamond Jewellery', 'Kitchen & Dining', 'Sportswear', ""Kids' Clothing"", 'Wallets', 'Car Accessories', 'The Designer Boutique', 'Fashion & Silver Jewellery', 'Snack Foods', 'Dog supplies', 'Cameras', 'Diet & Nutrition', 'Sports Shoes', ""Kids' Watches"", 'Ethnic Wear', 'Bags & Luggage', 'Car Parts', 'Speakers', 'Amazon Fashion', 'All Sports, Fitness & Outdoors', 'Kitchen & Home Appliances', 'Suitcases & Trolley Bags', 'Baby Bath, Skin & Grooming', 'Travel Accessories', 'Badminton', 'Bedroom Linen', 'Home Entertainment Systems', 'All Car & Motorbike Products', 'Musical Instruments & Professional Audio', 'Household Supplies', 'Strength Training', 'Baby Fashion', 'Casual Shoes', 'Handbags & Clutches', 'Refrigerators', 'Home Improvement', 'Shirts', 'Personal Care Appliances', 'Make-up', 'Clothing', 'Innerwear', 'Backpacks', 'Motorbike Accessories & Parts', 'Test, Measure & Inspect', ""Kids' Shoes"", 'All Appliances', 'Luxury Beauty', 'Western Wear', 'Toys & Games', 'Coffee, Tea & Beverages', 'Sunglasses', 'Watches', 'Health & Personal Care', 'All Home & Kitchen', 'All Exercise & Fitness', 'Home Décor', ""Kids' Fashion"", 'Camping & Hiking', 'Beauty & Grooming', 'Jeans', 'Washing Machines', 'Car & Bike Care', 'Jewellery', 'Kitchen Storage & Containers', 'Headphones', 'Sewing & Craft Supplies']",12334
Delexo Men�S Slim Fit Blue Stretchable Denim Jeans,19.93694674556213,3.60217519106408,"['beauty & health', 'stores', ""kids' fashion"", ""men's clothing"", ""women's clothing"", ""men's shoes"", 'car & motorbike', 'sports & fitness', 'music', 'accessories', 'tv, audio & cameras']","['Bags & Luggage', 'Ethnic Wear', 'Cricket', 'T-shirts & Polos', 'All Electronics', 'Speakers', 'Western Wear', 'Amazon Fashion', ""Men's Fashion"", 'Football', 'Running', 'All Sports, Fitness & Outdoors', 'Formal Shoes', 'All Exercise & Fitness', ""Kids' Clothing"", 'All Car & Motorbike Products', 'Musical Instruments & Professional Audio', 'Household Supplies', 'The Designer Boutique', ""Kids' Fashion"", 'Casual Shoes', 'Handbags & Clutches', 'Jeans', 'Shirts', 'Clothing', 'Innerwear', 'Sports Shoes', 'Motorbike Accessories & Parts', ""Women's Fashion""]",10852
Eemway Cover With Shoestand,26.4362273476112,3.9089472433460073,"['beauty & health', ""men's clothing"", 'music', 'grocery & gourmet foods', 'bags & luggage', 'industrial supplies', 'car & motorbike', 'stores', 'home, kitchen, pets', 'pet supplies', 'appliances', ""women's clothing"", ""men's shoes"", 'sports & fitness', 'accessories', 'tv, audio & cameras', 'home & kitchen', ""kids' fashion"", ""women's shoes"", 'toys & baby products']","['Cricket', 'Camera Accessories', 'T-shirts & Polos', 'Heating & Cooling Appliances', ""Men's Fashion"", 'Football', 'School Bags', 'Lab & Scientific', 'Indoor Lighting', 'Travel Duffles', 'Shoes', 'Nursing & Feeding', 'Home Furnishing', 'Security Cameras', 'Ballerinas', 'Lingerie & Nightwear', 'Industrial & Scientific Supplies', 'Yoga', ""Women's Fashion"", 'Janitorial & Sanitation Supplies', 'All Electronics', 'Cycling', 'All Pet Supplies', 'Running', 'Televisions', 'Formal Shoes', 'Rucksacks', 'Furniture', 'Car Electronics', 'Gold & Diamond Jewellery', 'Kitchen & Dining', 'Diapers', ""Kids' Clothing"", 'Wallets', 'Car Accessories', 'Fashion & Silver Jewellery', 'Snack Foods', 'Dog supplies', 'Cameras', 'Diet & Nutrition', 'Home Storage', 'Garden & Outdoors', 'Sports Shoes', 'Bags & Luggage', 'Ethnic Wear', 'Car Parts', 'Speakers', 'All Grocery & Gourmet Foods', 'Amazon Fashion', 'Refurbished & Open Box', 'All Sports, Fitness & Outdoors', 'Kitchen & Home Appliances', 'Suitcases & Trolley Bags', 'Baby Bath, Skin & Grooming', 'Travel Accessories', 'Badminton', 'Bedroom Linen', 'Home Entertainment Systems', 'All Car & Motorbike Products', 'Musical Instruments & Professional Audio', 'Household Supplies', 'Strength Training', 'Baby Fashion', 'Casual Shoes', 'Handbags & Clutches', 'Refrigerators', 'Home Improvement', 'Fitness Accessories', 'Make-up', 'Clothing', 'Innerwear', 'Backpacks', 'Motorbike Accessories & Parts', 'Test, Measure & Inspect', ""Kids' Shoes"", 'All Appliances', 'Cardio Equipment', 'Luxury Beauty', 'Western Wear', 'Toys & Games', 'Coffee, Tea & Beverages', 'Sunglasses', 'Watches', 'Health & Personal Care', 'All Home & Kitchen', 'All Exercise & Fitness', 'Strollers & Prams', 'Home Décor', ""Kids' Fashion"", 'Camping & Hiking', 'Beauty & Grooming', 'Jeans', 'Washing Machines', 'Baby Products', 'Car & Bike Care', 'Kitchen Storage & Containers', 'Headphones', 'Sewing & Craft Supplies']",19758
Esprit Analog Gunmetal Dial Women'S Watch-Es1L091M0075,66.60699242277055,4.149508275365795,"['beauty & health', 'stores', ""kids' fashion"", 'industrial supplies', 'accessories']","[""Kids' Watches"", ""Kids' Fashion"", 'Amazon Fashion', ""Men's Fashion"", 'Beauty & Grooming', 'Test, Measure & Inspect', 'Watches', ""Women's Fashion""]",10584
Ess Crossbow Lens,50.00630549898167,3.9406115879828327,"['beauty & health', 'stores', ""kids' fashion"", 'bags & luggage', ""women's clothing"", 'industrial supplies', 'car & motorbike', 'sports & fitness', 'toys & baby products', 'accessories', 'tv, audio & cameras', 'home & kitchen']","['Bags & Luggage', 'Cricket', 'Camera Accessories', 'All Electronics', 'Car Parts', 'Speakers', 'Amazon Fashion', 'Toys & Games', 'Cycling', ""Men's Fashion"", 'Sunglasses', 'Televisions', 'Lab & Scientific', 'Watches', 'Health & Personal Care', 'Car Electronics', 'All Home & Kitchen', 'Home Entertainment Systems', 'Security Cameras', 'Kitchen & Dining', ""Kids' Clothing"", 'All Car & Motorbike Products', 'Car Accessories', 'The Designer Boutique', ""Kids' Fashion"", 'Handbags & Clutches', 'Camping & Hiking', 'Beauty & Grooming', 'Car & Bike Care', 'Jewellery', 'Cameras', 'Clothing', 'Industrial & Scientific Supplies', 'Backpacks', 'Motorbike Accessories & Parts', 'Test, Measure & Inspect', ""Women's Fashion""]",5000
Fabindia Womens Kurta,23.371174320673763,3.7470437956204377,"['stores', ""kids' fashion"", ""men's clothing"", ""women's clothing"", 'toys & baby products', 'accessories']","[""Kids' Clothing"", 'Ethnic Wear', 'Lingerie & Nightwear', 'Baby Fashion', 'Shirts', 'The Designer Boutique', 'T-shirts & Polos', ""Kids' Fashion"", 'Clothing', 'Western Wear', 'Amazon Fashion', ""Men's Fashion"", 'Baby Products', ""Women's Fashion"", 'Jewellery']",12714
Fabrasiya Women'S Dress For Girs,17.955161019792016,3.775615972812234,"['stores', 'pet supplies', ""women's shoes"", ""kids' fashion"", 'appliances', 'bags & luggage', ""men's clothing"", ""women's clothing"", 'industrial supplies', ""men's shoes"", 'sports & fitness', 'toys & baby products', 'accessories', 'home & kitchen']","['Ethnic Wear', 'Cricket', 'T-shirts & Polos', 'Heating & Cooling Appliances', 'Western Wear', 'Amazon Fashion', 'Toys & Games', ""Men's Fashion"", 'Football', 'Sunglasses', 'Formal Shoes', 'Watches', 'Fashion Sandals', 'Baby Bath, Skin & Grooming', 'Travel Accessories', 'Travel Duffles', 'Shoes', ""Kids' Clothing"", 'Lingerie & Nightwear', 'Baby Fashion', 'The Designer Boutique', ""Kids' Fashion"", 'Casual Shoes', 'Fashion & Silver Jewellery', 'Jeans', 'Dog supplies', 'Baby Products', 'Shirts', 'Clothing', 'Industrial & Scientific Supplies', 'Innerwear', 'Yoga', ""Kids' Shoes"", ""Women's Fashion"", 'Sewing & Craft Supplies']",12064
Farp Digital Watch Led Watch White Colour Mens Watch Boys Watch Women'S Watch Girls Watch,30.708460424710424,3.705044974579585,"['beauty & health', 'stores', ""kids' fashion"", 'bags & luggage', 'appliances', ""men's clothing"", 'industrial supplies', 'car & motorbike', 'sports & fitness', 'toys & baby products', 'accessories', 'tv, audio & cameras', 'home & kitchen']","[""Kids' Watches"", 'Bags & Luggage', 'Camera Accessories', 'T-shirts & Polos', 'Heating & Cooling Appliances', 'All Electronics', 'Amazon Fashion', 'Toys & Games', 'Cycling', ""Men's Fashion"", 'Sunglasses', 'Running', 'Televisions', 'School Bags', 'All Sports, Fitness & Outdoors', 'Watches', 'Travel Accessories', 'Rucksacks', 'Car Electronics', 'All Home & Kitchen', 'Home Entertainment Systems', 'Security Cameras', 'Strollers & Prams', ""Kids' Clothing"", 'Wallets', 'Baby Fashion', ""Kids' Fashion"", 'Fashion & Silver Jewellery', 'Handbags & Clutches', 'Beauty & Grooming', 'Jewellery', 'Cameras', 'Shirts', 'Backpacks', 'Test, Measure & Inspect', ""Women's Fashion""]",8534
Fast Charging Usb Cable For Realme 3I Usb Cable | Micro Usb Data Cable | Quick Fast Charging Cable | Charger Cable | Andro...,11.981562178828366,3.98943161634103,"['beauty & health', 'stores', 'appliances', 'bags & luggage', ""women's clothing"", 'industrial supplies', 'car & motorbike', 'sports & fitness', 'toys & baby products', 'music', 'accessories', 'tv, audio & cameras', 'home & kitchen']","['Bags & Luggage', 'All Appliances', 'Home Audio & Theater', 'Camera Accessories', 'Heating & Cooling Appliances', 'All Electronics', 'Car Parts', 'Speakers', 'Amazon Fashion', 'Toys & Games', ""Men's Fashion"", 'Running', 'Televisions', 'All Sports, Fitness & Outdoors', 'Lab & Scientific', 'Indoor Lighting', 'Kitchen & Home Appliances', 'Travel Accessories', 'Car Electronics', 'Badminton', 'All Home & Kitchen', 'All Exercise & Fitness', 'Home Entertainment Systems', 'Security Cameras', 'Kitchen & Dining', 'All Car & Motorbike Products', 'Musical Instruments & Professional Audio', 'Lingerie & Nightwear', 'Strength Training', 'Handbags & Clutches', 'Camping & Hiking', 'Refrigerators', 'Washing Machines', 'Home Improvement', 'Cameras', 'Diet & Nutrition', 'Home Storage', 'Personal Care Appliances', 'Fitness Accessories', 'Make-up', 'Clothing', 'Industrial & Scientific Supplies', 'Headphones', 'Backpacks', 'Motorbike Accessories & Parts', 'Test, Measure & Inspect']",7856
Femimode Rayon Kurti For Women/Frock For Women/Long Kurti For Women,15.98351051625239,3.76384350816853,"['stores', 'toys & baby products', 'accessories', ""women's clothing""]","['Ethnic Wear', 'Lingerie & Nightwear', 'The Designer Boutique', 'Clothing', 'Fashion & Silver Jewellery', 'Western Wear', 'Amazon Fashion', 'Baby Products', ""Women's Fashion""]",5368
Gritstones Men'S Regular Fit Shirt,13.742110417258019,3.7838156484458736,"['beauty & health', 'stores', ""kids' fashion"", ""women's shoes"", ""men's clothing"", ""women's clothing"", ""men's shoes"", 'sports & fitness', 'toys & baby products', 'grocery & gourmet foods', 'accessories', 'home & kitchen']","['Bags & Luggage', 'Ethnic Wear', 'Cricket', 'T-shirts & Polos', 'All Grocery & Gourmet Foods', 'Amazon Fashion', ""Men's Fashion"", 'Cycling', 'Western Wear', 'Football', 'Running', 'All Sports, Fitness & Outdoors', 'Formal Shoes', 'All Home & Kitchen', 'Shoes', 'All Exercise & Fitness', ""Kids' Clothing"", 'Lingerie & Nightwear', 'Household Supplies', 'Baby Fashion', 'The Designer Boutique', ""Kids' Fashion"", 'Casual Shoes', 'Fashion & Silver Jewellery', 'Handbags & Clutches', 'Snack Foods', 'Jeans', 'Baby Products', 'Shirts', 'Clothing', 'Innerwear', 'Yoga', ""Women's Fashion""]",14242
Hailea Aco 318 Air Composer,85.96823943661971,3.780868665977249,"['beauty & health', ""men's clothing"", 'music', 'grocery & gourmet foods', 'bags & luggage', 'industrial supplies', 'car & motorbike', 'stores', 'pet supplies', 'appliances', ""women's clothing"", ""men's shoes"", 'sports & fitness', 'accessories', 'tv, audio & cameras', 'home & kitchen', ""kids' fashion"", ""women's shoes"", 'toys & baby products']","['Home Audio & Theater', 'Camera Accessories', 'T-shirts & Polos', 'Heating & Cooling Appliances', ""Men's Fashion"", 'Football', 'School Bags', 'Lab & Scientific', 'Travel Duffles', 'Shoes', 'Nursing & Feeding', 'Home Furnishing', 'Security Cameras', 'Lingerie & Nightwear', 'Industrial & Scientific Supplies', ""Women's Fashion"", 'Janitorial & Sanitation Supplies', 'All Electronics', 'Cycling', 'All Pet Supplies', 'Running', 'Formal Shoes', 'Furniture', 'Kitchen & Dining', 'Sportswear', 'Car Accessories', 'Snack Foods', 'Air Conditioners', 'Dog supplies', 'Cameras', 'Home Storage', 'Garden & Outdoors', 'Sports Shoes', 'Bags & Luggage', 'Car Parts', 'Speakers', 'Amazon Fashion', 'All Sports, Fitness & Outdoors', 'Kitchen & Home Appliances', 'Suitcases & Trolley Bags', 'Baby Bath, Skin & Grooming', 'Travel Accessories', 'Badminton', 'Bedroom Linen', 'Home Entertainment Systems', 'All Car & Motorbike Products', 'Musical Instruments & Professional Audio', 'Household Supplies', 'Casual Shoes', 'Handbags & Clutches', 'Refrigerators', 'Home Improvement', 'Shirts', 'Personal Care Appliances', 'Fitness Accessories', 'Make-up', 'Clothing', 'Innerwear', 'Backpacks', 'Motorbike Accessories & Parts', 'Test, Measure & Inspect', 'All Appliances', 'Cardio Equipment', 'Luxury Beauty', 'Toys & Games', 'Sunglasses', 'Health & Personal Care', 'All Home & Kitchen', 'All Exercise & Fitness', 'Strollers & Prams', 'Home Décor', ""Kids' Fashion"", 'Camping & Hiking', 'Beauty & Grooming', 'Washing Machines', 'Baby Products', 'Car & Bike Care', 'Jewellery', 'Kitchen Storage & Containers', 'Headphones', 'Sewing & Craft Supplies']",7516
Haoser Mens Boxer Shorts | Men'S Cotton Printed Regular Boxer Shorts,11.410340694006308,3.7585005279831045,"['stores', ""kids' fashion"", ""men's clothing"", ""women's clothing"", ""men's shoes"", 'sports & fitness', 'toys & baby products']","['Cricket', 'T-shirts & Polos', 'Western Wear', 'Amazon Fashion', ""Men's Fashion"", 'Cycling', 'Football', 'All Sports, Fitness & Outdoors', 'Badminton', 'All Exercise & Fitness', 'Sportswear', ""Kids' Clothing"", 'Lingerie & Nightwear', 'Baby Fashion', 'The Designer Boutique', ""Kids' Fashion"", 'Casual Shoes', 'Jeans', 'Baby Products', 'Shirts', 'Clothing', 'Innerwear', 'Yoga', ""Women's Fashion""]",6404
Himashu Handlooms Women'S Cotton Maxi Nighty,12.51459164471208,3.728912345112437,"['stores', ""kids' fashion"", ""women's clothing"", 'toys & baby products', 'accessories']","[""Kids' Clothing"", 'Ethnic Wear', 'Lingerie & Nightwear', 'The Designer Boutique', ""Kids' Fashion"", 'Clothing', 'Fashion & Silver Jewellery', 'Western Wear', 'Amazon Fashion', 'Baby Products', ""Women's Fashion"", 'Diapers']",5358
Hsr Women'S Cotton Heavily Padded Wire Free Sports Bra,7.1558857808857805,3.772686375321337,"['stores', ""kids' fashion"", ""women's clothing"", 'industrial supplies', ""men's shoes"", 'car & motorbike', 'sports & fitness', 'toys & baby products', 'grocery & gourmet foods', 'tv, audio & cameras', 'home & kitchen']","['Car Parts', 'Western Wear', 'Amazon Fashion', 'Coffee, Tea & Beverages', 'Running', 'All Sports, Fitness & Outdoors', 'Formal Shoes', 'Lab & Scientific', 'All Home & Kitchen', 'All Exercise & Fitness', 'Home Entertainment Systems', 'Security Cameras', ""Kids' Clothing"", 'Lingerie & Nightwear', ""Kids' Fashion"", 'Baby Products', 'Home Improvement', 'Home Storage', 'Clothing', 'Industrial & Scientific Supplies', 'Headphones', ""Women's Fashion"", 'Sewing & Craft Supplies']",3456
Im Baby Unisex-Baby'S Bootie,12.471852873563218,3.9556536721947015,"['beauty & health', ""men's clothing"", 'music', 'grocery & gourmet foods', 'bags & luggage', 'industrial supplies', 'car & motorbike', 'stores', 'pet supplies', 'appliances', ""women's clothing"", ""men's shoes"", 'sports & fitness', 'accessories', 'tv, audio & cameras', 'home & kitchen', ""kids' fashion"", ""women's shoes"", 'toys & baby products']","['Cricket', 'Camera Accessories', 'T-shirts & Polos', 'Heating & Cooling Appliances', ""Men's Fashion"", 'Football', 'School Bags', 'Lab & Scientific', 'Indoor Lighting', 'Fashion Sandals', 'STEM Toys Store', 'Travel Duffles', 'Shoes', 'Nursing & Feeding', 'Home Furnishing', 'Security Cameras', 'Ballerinas', 'Lingerie & Nightwear', 'Industrial & Scientific Supplies', 'Yoga', ""Women's Fashion"", 'Toys Gifting Store', 'Janitorial & Sanitation Supplies', 'All Electronics', 'Cycling', 'All Pet Supplies', 'Running', 'Televisions', 'Furniture', 'Gold & Diamond Jewellery', 'Kitchen & Dining', 'Sportswear', 'Diapers', ""Kids' Clothing"", 'Wallets', 'Car Accessories', 'The Designer Boutique', 'Fashion & Silver Jewellery', 'Snack Foods', 'Dog supplies', 'Value Bazaar', 'Cameras', 'Diet & Nutrition', 'Home Storage', 'Garden & Outdoors', 'Sports Shoes', ""Kids' Watches"", 'Ethnic Wear', 'Bags & Luggage', 'Car Parts', 'All Grocery & Gourmet Foods', 'Amazon Fashion', 'All Sports, Fitness & Outdoors', 'International Toy Store', 'Kitchen & Home Appliances', 'Baby Bath, Skin & Grooming', 'Travel Accessories', 'Badminton', 'Bedroom Linen', 'Home Entertainment Systems', 'All Car & Motorbike Products', 'Musical Instruments & Professional Audio', 'Household Supplies', 'Baby Fashion', 'Casual Shoes', 'Handbags & Clutches', 'Home Improvement', 'Shirts', 'Make-up', 'Clothing', 'Innerwear', 'Backpacks', 'Motorbike Accessories & Parts', 'Test, Measure & Inspect', ""Kids' Shoes"", 'All Appliances', 'Luxury Beauty', 'Western Wear', 'Toys & Games', 'Watches', 'Health & Personal Care', 'All Home & Kitchen', 'All Exercise & Fitness', 'Strollers & Prams', 'Home Décor', ""Kids' Fashion"", 'Beauty & Grooming', 'Jeans', 'Baby Products', 'Car & Bike Care', 'Jewellery', 'Kitchen Storage & Containers', 'Sewing & Craft Supplies']",13236
Jack & Jones Men'S 12232622 Tawny Loafer-43,25.459649425287356,3.711529680365297,"['stores', ""men's clothing"", ""women's clothing"", ""men's shoes"", 'car & motorbike', 'sports & fitness']","['All Car & Motorbike Products', 'Cricket', 'Formal Shoes', 'Shirts', 'T-shirts & Polos', 'Casual Shoes', 'Innerwear', 'Sports Shoes', 'Western Wear', 'Amazon Fashion', 'Football', ""Men's Fashion"", 'All Exercise & Fitness', 'Running', 'All Sports, Fitness & Outdoors', 'Sportswear', 'Jeans']",3770
Keviv® Artifical Leather Wallet For Men/Men'S Wallet,16.578657690738474,4.035153308230232,"['beauty & health', 'stores', ""kids' fashion"", 'bags & luggage', ""women's clothing"", ""men's shoes"", 'accessories', 'tv, audio & cameras']","['Wallets', 'Bags & Luggage', 'The Designer Boutique', 'Fashion Sales & Deals', 'Clothing', 'Casual Shoes', 'All Electronics', 'Travel Accessories', 'Handbags & Clutches', 'Watches', 'Amazon Fashion', ""Men's Fashion"", 'Beauty & Grooming', 'Western Wear', 'Security Cameras', 'School Bags', 'Formal Shoes', ""Women's Fashion""]",9924
Khushal K Women'S Cotton Kurta With Palazzo Set,21.843489183531055,3.742117288651942,"['stores', ""kids' fashion"", ""men's clothing"", ""women's clothing"", 'home & kitchen']","[""Kids' Clothing"", 'Ethnic Wear', 'Lingerie & Nightwear', 'The Designer Boutique', ""Kids' Fashion"", 'Clothing', 'Innerwear', 'Western Wear', 'Amazon Fashion', 'All Home & Kitchen', ""Women's Fashion""]",2904
Libsadresses Men'S Cotton Half Sleeve Shirt.,12.741264872780523,3.7640423921271764,"['beauty & health', 'stores', 'appliances', 'bags & luggage', ""kids' fashion"", ""men's clothing"", ""women's clothing"", 'industrial supplies', ""men's shoes"", 'car & motorbike', 'sports & fitness', 'toys & baby products', 'accessories', 'tv, audio & cameras', 'home & kitchen']","['Bags & Luggage', 'Ethnic Wear', 'Cricket', 'Camera Accessories', 'T-shirts & Polos', 'Luxury Beauty', 'All Electronics', 'Western Wear', 'Amazon Fashion', ""Men's Fashion"", 'Cycling', 'Football', 'Running', 'All Sports, Fitness & Outdoors', 'Formal Shoes', 'Rucksacks', 'All Exercise & Fitness', 'Nursing & Feeding', 'Home Entertainment Systems', 'Home Furnishing', 'Sportswear', ""Kids' Clothing"", 'All Car & Motorbike Products', 'Lingerie & Nightwear', 'Baby Fashion', 'The Designer Boutique', ""Kids' Fashion"", 'Casual Shoes', 'Handbags & Clutches', 'Beauty & Grooming', 'Refrigerators', 'Jeans', 'Baby Products', 'Jewellery', 'Cameras', 'Shirts', 'Make-up', 'Clothing', 'Industrial & Scientific Supplies', 'Innerwear', 'Sports Shoes', 'Headphones', 'Backpacks', 'Motorbike Accessories & Parts', 'Yoga', ""Women's Fashion""]",11118
Malabar Gold & Diamonds 18K Yellow Gold And Diamond Ring For Women,294.41564093608105,4.063785394932936,"['beauty & health', 'stores', ""women's shoes"", 'bags & luggage', 'appliances', ""kids' fashion"", ""women's clothing"", 'industrial supplies', ""men's shoes"", 'sports & fitness', 'grocery & gourmet foods', 'accessories', 'tv, audio & cameras', 'home & kitchen']","['Bags & Luggage', 'Ethnic Wear', 'All Appliances', 'All Grocery & Gourmet Foods', 'Amazon Fashion', ""Men's Fashion"", 'Western Wear', 'All Sports, Fitness & Outdoors', 'Lab & Scientific', 'Formal Shoes', 'Watches', 'Kitchen & Home Appliances', 'Fashion Sandals', 'Rucksacks', 'Furniture', 'Gold & Diamond Jewellery', 'Home Entertainment Systems', 'Sportswear', 'Baby Fashion', ""Kids' Fashion"", 'Fashion & Silver Jewellery', 'Handbags & Clutches', 'Snack Foods', 'Refrigerators', 'Jewellery', 'Diet & Nutrition', 'Clothing', 'Headphones', 'Sports Shoes', 'Backpacks', ""Women's Fashion"", 'Sewing & Craft Supplies']",8868
Mamy Poko Pants Preemie,15.429578207381372,3.7833252779120348,"['beauty & health', 'stores', 'pet supplies', ""kids' fashion"", ""men's clothing"", ""women's clothing"", 'industrial supplies', ""men's shoes"", 'sports & fitness', 'toys & baby products', 'accessories', 'home & kitchen']","['Ethnic Wear', 'T-shirts & Polos', 'Luxury Beauty', 'Western Wear', 'Amazon Fashion', ""Men's Fashion"", 'Cycling', 'Football', 'Running', 'All Sports, Fitness & Outdoors', 'Lab & Scientific', 'Health & Personal Care', 'Badminton', 'All Exercise & Fitness', 'Sportswear', 'Diapers', ""Kids' Clothing"", 'Lingerie & Nightwear', 'Baby Fashion', 'The Designer Boutique', ""Kids' Fashion"", 'Casual Shoes', 'Fashion & Silver Jewellery', 'Jeans', 'Dog supplies', 'Value Bazaar', 'Baby Products', 'Shirts', 'Clothing', 'Innerwear', 'Sports Shoes', 'Yoga', ""Women's Fashion"", 'Sewing & Craft Supplies']",5732
Manhatton | Men Formal Black Shoes | Men'S Leather Formal Shoes,28.20014139233675,3.531505986137366,"['stores', ""kids' fashion"", ""women's shoes"", 'bags & luggage', ""men's clothing"", ""women's clothing"", ""men's shoes"", 'toys & baby products', 'accessories']","['Bags & Luggage', 'Western Wear', 'Amazon Fashion', ""Men's Fashion"", 'Formal Shoes', 'Shoes', 'Ballerinas', 'Sportswear', 'Wallets', 'Baby Fashion', ""Kids' Fashion"", 'Casual Shoes', 'Handbags & Clutches', 'Jeans', 'Baby Products', 'Jewellery', 'Shirts', 'Clothing', 'Sports Shoes', ""Kids' Shoes""]",20004
Martucci Laptop Backpack Backpack For Men And Women|Unisex Backpack|College Bag For Boys And Girls|Office Backpack |School...,26.001645149391372,3.9629773269689736,"['beauty & health', 'stores', 'pet supplies', ""kids' fashion"", 'bags & luggage', ""men's shoes"", 'car & motorbike', 'sports & fitness', 'toys & baby products', 'accessories', 'tv, audio & cameras', 'home & kitchen']","['Bags & Luggage', 'Cricket', 'Camera Accessories', 'All Electronics', 'Amazon Fashion', 'Toys & Games', 'All Pet Supplies', 'School Bags', 'All Sports, Fitness & Outdoors', 'Formal Shoes', 'Suitcases & Trolley Bags', 'Travel Accessories', 'Rucksacks', 'Badminton', 'Travel Duffles', 'Strollers & Prams', 'Diapers', 'All Car & Motorbike Products', 'Wallets', 'The Designer Boutique', 'Handbags & Clutches', 'Camping & Hiking', 'Beauty & Grooming', 'Dog supplies', 'Baby Products', 'Cameras', 'Fashion Sales & Deals', 'Garden & Outdoors', 'Headphones', 'Backpacks', ""Women's Fashion""]",11238
Men'S Slim Fit Denim Mid Rise Stretchable Jeans -Pid42905,13.831588164251208,3.7089999999999996,"[""men's shoes"", ""men's clothing"", ""women's clothing""]","['Lingerie & Nightwear', 'Clothing', 'Innerwear', 'Western Wear', 'Jeans', 'Formal Shoes']",4318
Msretail Women'S Silk Saree With Blouse Piece,25.764450889404483,3.7103385178408055,"['beauty & health', 'stores', ""women's shoes"", 'bags & luggage', ""men's clothing"", ""women's clothing"", 'toys & baby products', 'accessories', 'home & kitchen']","['Bags & Luggage', 'Ethnic Wear', 'Lingerie & Nightwear', 'Shirts', 'The Designer Boutique', 'Fashion Sandals', 'Home Storage', 'Personal Care Appliances', 'Clothing', 'Fashion & Silver Jewellery', 'Travel Duffles', 'Amazon Fashion', 'Toys & Games', 'Beauty & Grooming', 'All Home & Kitchen', 'Western Wear', ""Women's Fashion"", 'Sewing & Craft Supplies']",15730
Naviyashi Collection-Women Wadges Sandal,15.480337881741391,3.777560975609756,"['beauty & health', 'stores', ""women's shoes"", ""kids' fashion"", 'bags & luggage', ""men's shoes"", 'sports & fitness', 'music', 'accessories', 'home & kitchen']","['Bags & Luggage', 'Amazon Fashion', ""Men's Fashion"", 'All Sports, Fitness & Outdoors', 'Formal Shoes', 'Fashion Sandals', 'Health & Personal Care', 'Bedroom Linen', 'All Home & Kitchen', 'Shoes', 'Home Décor', 'Ballerinas', 'Sportswear', 'Wallets', 'Musical Instruments & Professional Audio', 'Household Supplies', 'Baby Fashion', 'The Designer Boutique', ""Kids' Fashion"", 'Casual Shoes', 'Fashion & Silver Jewellery', 'Handbags & Clutches', 'Beauty & Grooming', 'Sports Shoes', ""Kids' Shoes"", ""Women's Fashion""]",3162
Nester Black Flowered Dial Leather Strap Analog Watch For Girls And Women Analog Watch,25.209907428835916,3.7426369168357,"['beauty & health', 'stores', ""kids' fashion"", 'industrial supplies', 'accessories']","[""Kids' Clothing"", ""Kids' Watches"", 'Bags & Luggage', ""Kids' Fashion"", 'Watches', 'Fashion & Silver Jewellery', 'Amazon Fashion', ""Men's Fashion"", 'Beauty & Grooming', 'Test, Measure & Inspect', 'Lab & Scientific', ""Women's Fashion"", 'Jewellery']",8850
Neutron Collegian Analog Black Color Dial Women Watch - G533-,7.928854811480023,3.4866666666666664,"[""kids' fashion"", 'stores', 'accessories']","[""Men's Fashion"", ""Kids' Watches"", 'Watches', ""Women's Fashion""]",7108
Noty Women'S Satin Frills Nighty/Nightwear/Night Gown/Sleepwear…,14.3443975493533,3.6962900505902194,"['beauty & health', 'stores', ""women's shoes"", ""kids' fashion"", 'appliances', 'bags & luggage', ""men's clothing"", ""women's clothing"", 'industrial supplies', 'sports & fitness', 'toys & baby products', 'music', 'accessories', 'tv, audio & cameras', 'home & kitchen']","['Bags & Luggage', 'Ethnic Wear', 'T-shirts & Polos', 'Janitorial & Sanitation Supplies', 'Heating & Cooling Appliances', 'Speakers', 'Western Wear', 'Amazon Fashion', 'Toys & Games', ""Men's Fashion"", 'Lab & Scientific', 'Fashion Sandals', 'Travel Accessories', 'Bedroom Linen', 'All Home & Kitchen', 'Shoes', 'Home Furnishing', 'Security Cameras', 'Home Décor', 'Ballerinas', ""Kids' Clothing"", 'Musical Instruments & Professional Audio', 'Lingerie & Nightwear', 'Baby Fashion', 'The Designer Boutique', ""Kids' Fashion"", 'Fashion & Silver Jewellery', 'Handbags & Clutches', 'Camping & Hiking', 'Beauty & Grooming', 'Jeans', 'Jewellery', 'Shirts', 'Home Storage', 'Personal Care Appliances', 'Make-up', 'Garden & Outdoors', 'Clothing', 'Innerwear', ""Kids' Shoes"", ""Women's Fashion"", 'Sewing & Craft Supplies']",2968
Pc Jeweller The Akhira 22K Yellow Gold Ring For Women,293.77120104438643,3.7600000000000002,['accessories'],"['Jewellery', 'Gold & Diamond Jewellery']",4732
Pc Jeweller The Drusilla 18Kt Yellow Gold And Diamond Ring For Women,563.9752935969312,3.9097222222222223,"[""kids' fashion"", 'stores', 'accessories']","[""Kids' Fashion"", 'Fashion & Silver Jewellery', ""Men's Fashion"", 'Gold & Diamond Jewellery', 'Jewellery']",7760
Pepe Jeans Men'S Slim Fit Jeans,24.879818423919623,3.6107972665148065,"['beauty & health', 'stores', ""kids' fashion"", ""men's clothing"", ""women's clothing"", ""men's shoes"", 'sports & fitness', 'home & kitchen']","['Cricket', 'T-shirts & Polos', 'Western Wear', 'Amazon Fashion', ""Men's Fashion"", 'Football', ""Kids' Clothing"", 'Household Supplies', 'Baby Fashion', 'The Designer Boutique', ""Kids' Fashion"", 'Casual Shoes', 'Jeans', 'Shirts', 'Clothing', 'Innerwear', 'Yoga', ""Women's Fashion"", 'Sewing & Craft Supplies']",17078
Peter England Men Shirt,13.770862482031623,3.8029249011857704,"['stores', ""kids' fashion"", 'bags & luggage', ""men's clothing"", ""men's shoes"", 'sports & fitness', 'accessories']","['Bags & Luggage', 'Cricket', 'Shirts', 'T-shirts & Polos', 'Innerwear', 'Handbags & Clutches', 'Backpacks', 'Amazon Fashion', 'Football', ""Men's Fashion"", 'All Exercise & Fitness', 'Running', 'School Bags', 'Formal Shoes', 'Jeans']",4188
Printme Eo-Bg920 Bluetooth Wireless In Ear Earphones With Mic,32.41058300321399,3.5712373556758963,"['bags & luggage', 'industrial supplies', 'car & motorbike', 'sports & fitness', 'music', 'accessories', 'tv, audio & cameras', 'home & kitchen']","['Bags & Luggage', 'Home Audio & Theater', 'Cardio Equipment', 'Camera Accessories', 'All Electronics', 'Speakers', 'Running', 'Watches', 'Indoor Lighting', 'Suitcases & Trolley Bags', 'Travel Accessories', 'Car Electronics', 'Home Entertainment Systems', 'Security Cameras', 'All Car & Motorbike Products', 'Musical Instruments & Professional Audio', 'Cameras', 'Kitchen Storage & Containers', 'Headphones', 'Test, Measure & Inspect']",27796
Puma,48.20239156482147,3.9595119082622756,"['stores', ""women's shoes"", 'bags & luggage', ""kids' fashion"", ""men's clothing"", ""women's clothing"", ""men's shoes"", 'car & motorbike', 'sports & fitness', 'accessories', 'tv, audio & cameras']","['Bags & Luggage', 'Cricket', 'T-shirts & Polos', 'All Electronics', 'Car Parts', 'Western Wear', 'Amazon Fashion', ""Men's Fashion"", 'Cycling', 'Football', 'Running', 'School Bags', 'All Sports, Fitness & Outdoors', 'Formal Shoes', 'Suitcases & Trolley Bags', 'Fashion Sandals', 'Rucksacks', 'Badminton', 'Travel Duffles', 'Shoes', 'All Exercise & Fitness', 'Ballerinas', 'Sportswear', ""Kids' Clothing"", 'All Car & Motorbike Products', 'Wallets', 'Lingerie & Nightwear', 'Baby Fashion', ""Kids' Fashion"", 'Casual Shoes', 'Handbags & Clutches', 'Jewellery', 'Shirts', 'Fitness Accessories', 'Clothing', 'Innerwear', 'Sports Shoes', 'Backpacks', 'Yoga', ""Kids' Shoes"", ""Women's Fashion""]",8688
Quara Gems 2 Mukhi Rudraksha Original Certified Nepali Beads Do Mukhi Rudraksha With Silver Capping Two Face Rudraksha See...,45.26363042186572,3.931013916500994,"[""kids' fashion"", 'stores', 'accessories']","['Bags & Luggage', ""Kids' Fashion"", 'Fashion & Silver Jewellery', 'Amazon Fashion', ""Men's Fashion"", 'Gold & Diamond Jewellery', ""Women's Fashion"", 'Jewellery']",3434
"Raa Mens Gym Vest, Pack Of 1 | Gym Vest | Gym Vest For Men Workout | Sports Tank Top Boys",15.3848152999738,3.7395376175548587,"['beauty & health', 'stores', ""kids' fashion"", 'bags & luggage', ""women's shoes"", 'appliances', ""men's clothing"", ""women's clothing"", 'industrial supplies', ""men's shoes"", 'car & motorbike', 'sports & fitness', 'toys & baby products', 'accessories', 'tv, audio & cameras', 'home & kitchen']","['Bags & Luggage', 'Cricket', 'All Appliances', 'Cardio Equipment', 'T-shirts & Polos', 'Heating & Cooling Appliances', 'All Electronics', 'Speakers', 'Western Wear', 'Amazon Fashion', 'Toys & Games', 'Cycling', ""Men's Fashion"", 'Football', 'Running', 'School Bags', 'All Sports, Fitness & Outdoors', 'Lab & Scientific', 'Formal Shoes', 'Kitchen & Home Appliances', 'Health & Personal Care', 'Travel Accessories', 'Rucksacks', 'Travel Duffles', 'All Home & Kitchen', 'Shoes', 'All Exercise & Fitness', 'Home Furnishing', 'Kitchen & Dining', 'Ballerinas', 'Sportswear', 'Diapers', ""Kids' Clothing"", 'All Car & Motorbike Products', 'Lingerie & Nightwear', 'Strength Training', 'The Designer Boutique', ""Kids' Fashion"", 'Casual Shoes', 'Fashion & Silver Jewellery', 'Handbags & Clutches', 'Camping & Hiking', 'Washing Machines', 'Baby Products', 'Jewellery', 'Cameras', 'Diet & Nutrition', 'Shirts', 'Home Storage', 'Kitchen Storage & Containers', 'Fitness Accessories', 'Clothing', 'Headphones', 'Innerwear', 'Sports Shoes', 'Backpacks', 'Motorbike Accessories & Parts', 'Yoga', ""Kids' Shoes"", ""Women's Fashion""]",7848
Ravi Minio Hi-Speed Fan 200Mm,31.803569597069597,3.770640495867769,"['beauty & health', 'stores', 'home, kitchen, pets', ""kids' fashion"", 'appliances', ""men's clothing"", ""women's clothing"", 'industrial supplies', ""men's shoes"", 'car & motorbike', 'sports & fitness', 'toys & baby products', 'accessories', 'tv, audio & cameras', 'home & kitchen']","['Bags & Luggage', 'All Appliances', 'T-shirts & Polos', 'Janitorial & Sanitation Supplies', 'Heating & Cooling Appliances', 'All Electronics', 'Car Parts', 'Speakers', 'Western Wear', 'Amazon Fashion', 'Toys & Games', 'Refurbished & Open Box', 'School Bags', 'Indoor Lighting', 'Kitchen & Home Appliances', 'Health & Personal Care', 'Furniture', 'All Home & Kitchen', 'Home Entertainment Systems', 'Security Cameras', 'Home Décor', 'Strollers & Prams', 'All Car & Motorbike Products', 'Casual Shoes', 'Refrigerators', 'Air Conditioners', 'Home Improvement', 'Shirts', 'Make-up', 'Garden & Outdoors', 'Industrial & Scientific Supplies', 'Innerwear', 'Yoga']",11386
Rc Rexcuir Rfid Metal Card Holder | Genuine Card Holder For Men And Women | Slim Leather Wallet Card Case And Card Holder...,19.45068054179055,4.067496723460026,"['beauty & health', 'stores', ""kids' fashion"", 'bags & luggage', ""women's clothing"", 'industrial supplies', 'car & motorbike', 'sports & fitness', 'toys & baby products', 'accessories', 'tv, audio & cameras', 'home & kitchen']","['Bags & Luggage', 'Camera Accessories', 'Luxury Beauty', 'All Electronics', 'Car Parts', 'Speakers', 'Amazon Fashion', 'Toys & Games', ""Men's Fashion"", 'School Bags', 'All Sports, Fitness & Outdoors', 'Travel Accessories', 'Rucksacks', 'Car Electronics', 'Nursing & Feeding', 'Home Entertainment Systems', 'Security Cameras', 'All Car & Motorbike Products', 'Wallets', 'Car Accessories', 'The Designer Boutique', 'Fashion & Silver Jewellery', 'Handbags & Clutches', 'Beauty & Grooming', 'Home Improvement', 'Jewellery', 'Cameras', 'Fashion Sales & Deals', 'Make-up', 'Clothing', 'Headphones', 'Test, Measure & Inspect', ""Women's Fashion"", 'Sewing & Craft Supplies']",6148
Red Tape Men'S Bordo Loafers-8,35.08225,3.7628405797101445,"['beauty & health', 'stores', ""women's shoes"", 'bags & luggage', ""kids' fashion"", ""men's clothing"", ""women's clothing"", 'industrial supplies', ""men's shoes"", 'car & motorbike', 'sports & fitness', 'toys & baby products', 'accessories', 'tv, audio & cameras', 'home & kitchen']","['Bags & Luggage', 'Ethnic Wear', 'Cricket', 'T-shirts & Polos', 'Janitorial & Sanitation Supplies', 'All Electronics', 'Western Wear', 'Amazon Fashion', ""Men's Fashion"", 'Football', 'Running', 'All Sports, Fitness & Outdoors', 'Lab & Scientific', 'Formal Shoes', 'Watches', 'Suitcases & Trolley Bags', 'Fashion Sandals', 'Baby Bath, Skin & Grooming', 'Health & Personal Care', 'Furniture', 'Badminton', 'All Home & Kitchen', 'Shoes', 'Strollers & Prams', 'Sportswear', ""Kids' Clothing"", 'All Car & Motorbike Products', 'Wallets', 'Lingerie & Nightwear', 'Baby Fashion', ""Kids' Fashion"", 'Casual Shoes', 'Handbags & Clutches', 'Beauty & Grooming', 'Jeans', 'Home Improvement', 'Shirts', 'Make-up', 'Garden & Outdoors', 'Clothing', 'Industrial & Scientific Supplies', 'Innerwear', 'Sports Shoes', 'Yoga', 'Test, Measure & Inspect', ""Kids' Shoes"", ""Women's Fashion"", 'Sewing & Craft Supplies']",3812
Resmed Airmini Filter,27.888663494809688,3.946559849198869,"['beauty & health', 'stores', 'pet supplies', ""kids' fashion"", 'appliances', 'bags & luggage', ""women's clothing"", 'industrial supplies', 'car & motorbike', 'music', 'grocery & gourmet foods', 'accessories', 'tv, audio & cameras', 'home & kitchen']","['Bags & Luggage', 'Ethnic Wear', 'All Appliances', 'Home Audio & Theater', 'Camera Accessories', 'Janitorial & Sanitation Supplies', 'Heating & Cooling Appliances', 'All Electronics', 'Car Parts', 'Speakers', 'All Grocery & Gourmet Foods', 'Amazon Fashion', ""Men's Fashion"", 'Coffee, Tea & Beverages', 'All Pet Supplies', 'School Bags', 'Lab & Scientific', 'Kitchen & Home Appliances', 'Travel Accessories', 'Car Electronics', 'All Home & Kitchen', 'Home Entertainment Systems', 'Security Cameras', 'Home Décor', 'All Car & Motorbike Products', 'Musical Instruments & Professional Audio', 'Car Accessories', 'Snack Foods', 'Refrigerators', 'Air Conditioners', 'Washing Machines', 'Home Improvement', 'Car & Bike Care', 'Cameras', 'Kitchen Storage & Containers', 'Garden & Outdoors', 'Clothing', 'Industrial & Scientific Supplies', 'Make-up', 'Motorbike Accessories & Parts', 'Test, Measure & Inspect', ""Women's Fashion"", 'Sewing & Craft Supplies']",4684
Rkr �Hair Rollers Curlers,24.073859275053305,3.859259259259259,"['beauty & health', 'stores', 'pet supplies', ""kids' fashion"", 'bags & luggage', 'appliances', ""men's clothing"", ""women's clothing"", 'industrial supplies', ""men's shoes"", 'sports & fitness', 'toys & baby products', 'grocery & gourmet foods', 'accessories', 'tv, audio & cameras', 'home & kitchen']","['Bags & Luggage', 'Ethnic Wear', 'All Appliances', 'Janitorial & Sanitation Supplies', 'Luxury Beauty', 'All Electronics', 'All Grocery & Gourmet Foods', 'Amazon Fashion', 'Toys & Games', 'Cycling', 'Coffee, Tea & Beverages', 'All Pet Supplies', 'Running', ""Men's Fashion"", 'Western Wear', 'All Sports, Fitness & Outdoors', 'Formal Shoes', 'Kitchen & Home Appliances', 'Baby Bath, Skin & Grooming', 'Health & Personal Care', 'Travel Accessories', 'Rucksacks', 'Furniture', 'Badminton', 'Bedroom Linen', 'All Home & Kitchen', 'All Exercise & Fitness', 'Gold & Diamond Jewellery', 'Home Furnishing', 'Kitchen & Dining', 'Home Décor', ""Kids' Clothing"", 'Lingerie & Nightwear', 'Household Supplies', 'Baby Fashion', ""Kids' Fashion"", 'Casual Shoes', 'Fashion & Silver Jewellery', 'Handbags & Clutches', 'Snack Foods', 'Camping & Hiking', 'Beauty & Grooming', 'Dog supplies', 'Value Bazaar', 'Baby Products', 'Home Improvement', 'Jewellery', 'Diet & Nutrition', 'Home Storage', 'Personal Care Appliances', 'Fitness Accessories', 'Garden & Outdoors', 'Clothing', 'Industrial & Scientific Supplies', 'Innerwear', 'Make-up', 'Backpacks', ""Women's Fashion"", 'Sewing & Craft Supplies']",7772
Romeo Rossi Mens Cotton Breif,10.069754233608338,3.828576728082107,"['beauty & health', 'stores', ""kids' fashion"", 'appliances', 'bags & luggage', ""men's clothing"", ""women's clothing"", 'industrial supplies', ""men's shoes"", 'car & motorbike', 'sports & fitness', 'toys & baby products', 'grocery & gourmet foods', 'accessories', 'music', 'tv, audio & cameras', 'home & kitchen']","['Bags & Luggage', 'Ethnic Wear', 'Cricket', 'T-shirts & Polos', 'All Electronics', 'All Grocery & Gourmet Foods', 'Amazon Fashion', ""Men's Fashion"", 'Cycling', 'Coffee, Tea & Beverages', 'Football', 'Running', 'Western Wear', 'All Sports, Fitness & Outdoors', 'Formal Shoes', 'Kitchen & Home Appliances', 'Baby Bath, Skin & Grooming', 'Health & Personal Care', 'Travel Accessories', 'Furniture', 'Bedroom Linen', 'All Exercise & Fitness', 'Nursing & Feeding', 'Home Furnishing', 'Sportswear', 'Diapers', ""Kids' Clothing"", 'All Car & Motorbike Products', 'Wallets', 'Lingerie & Nightwear', 'Household Supplies', 'Musical Instruments & Professional Audio', 'Baby Fashion', 'The Designer Boutique', ""Kids' Fashion"", 'Casual Shoes', 'Fashion & Silver Jewellery', 'Handbags & Clutches', 'Snack Foods', 'Camping & Hiking', 'Beauty & Grooming', 'Jeans', 'Home Improvement', 'Car & Bike Care', 'Jewellery', 'Diet & Nutrition', 'Shirts', 'Make-up', 'Garden & Outdoors', 'Clothing', 'Innerwear', 'Sports Shoes', 'Motorbike Accessories & Parts', 'Yoga', 'Test, Measure & Inspect', ""Women's Fashion"", 'Sewing & Craft Supplies']",23370
Salomon Mens Speedcross 5 Sneaker,36.486911257447474,3.7467509025270753,"['stores', ""women's shoes"", ""kids' fashion"", ""men's shoes"", 'sports & fitness', 'accessories']","['Bags & Luggage', 'Amazon Fashion', ""Men's Fashion"", 'Football', 'Running', 'All Sports, Fitness & Outdoors', 'Formal Shoes', 'Fashion Sandals', 'Badminton', 'Shoes', 'All Exercise & Fitness', 'Ballerinas', 'Sportswear', 'Baby Fashion', 'The Designer Boutique', ""Kids' Fashion"", 'Casual Shoes', 'Handbags & Clutches', 'Fashion Sales & Deals', 'Sports Shoes', ""Kids' Shoes"", ""Women's Fashion""]",6580
"Salomon, Sonic 3 Confidence Men'S Running Shoe",57.719894711067575,3.9641265741039713,"['stores', ""kids' fashion"", ""women's shoes"", 'bags & luggage', ""men's shoes"", 'sports & fitness', 'accessories']","['Formal Shoes', 'Baby Fashion', ""Kids' Fashion"", 'Casual Shoes', 'Sports Shoes', 'Handbags & Clutches', 'Backpacks', 'Amazon Fashion', ""Men's Fashion"", 'Shoes', 'All Exercise & Fitness', 'Running', ""Kids' Shoes"", 'All Sports, Fitness & Outdoors', 'Sportswear', ""Women's Fashion""]",8462
Server Mens Loafers Shoes 5085-86-87 Loafer,26.905237493683682,3.502843394575678,"['stores', ""kids' fashion"", ""women's shoes"", ""men's shoes"", 'sports & fitness', 'accessories']","['The Designer Boutique', ""Kids' Fashion"", 'Casual Shoes', 'Ballerinas', 'Sports Shoes', 'Handbags & Clutches', 'Amazon Fashion', ""Men's Fashion"", 'Shoes', ""Kids' Shoes"", 'All Sports, Fitness & Outdoors', 'Formal Shoes', ""Women's Fashion""]",8150
Shezone Women'S Flat,22.73063205417607,3.7147812971342384,"['beauty & health', 'stores', 'pet supplies', ""women's shoes"", ""kids' fashion"", 'appliances', 'bags & luggage', ""men's clothing"", ""women's clothing"", 'industrial supplies', ""men's shoes"", 'car & motorbike', 'sports & fitness', 'toys & baby products', 'music', 'accessories', 'tv, audio & cameras', 'home & kitchen']","['Bags & Luggage', 'All Appliances', 'Camera Accessories', 'Janitorial & Sanitation Supplies', 'All Electronics', 'Western Wear', 'Amazon Fashion', ""Men's Fashion"", 'Cycling', 'All Pet Supplies', 'Football', 'Sunglasses', 'Running', 'All Sports, Fitness & Outdoors', 'Lab & Scientific', 'Formal Shoes', 'Kitchen & Home Appliances', 'Fashion Sandals', 'Travel Accessories', 'Bedroom Linen', 'Shoes', 'All Exercise & Fitness', 'Nursing & Feeding', 'Home Entertainment Systems', 'Home Furnishing', 'Kitchen & Dining', 'Strollers & Prams', 'Sportswear', 'Ballerinas', 'Security Cameras', ""Kids' Clothing"", 'All Car & Motorbike Products', 'Musical Instruments & Professional Audio', 'Lingerie & Nightwear', 'Car Accessories', 'Strength Training', 'Baby Fashion', 'The Designer Boutique', ""Kids' Fashion"", 'Casual Shoes', 'Fashion & Silver Jewellery', 'Handbags & Clutches', 'Camping & Hiking', 'Jeans', 'Home Improvement', 'Jewellery', 'Cameras', 'Diet & Nutrition', 'Personal Care Appliances', 'Make-up', 'Garden & Outdoors', 'Clothing', 'Headphones', 'Sports Shoes', 'Yoga', 'Test, Measure & Inspect', ""Kids' Shoes"", ""Women's Fashion"", 'Sewing & Craft Supplies']",2810
Shomex Backdrop Photo Light Studio Photography Background White Backdrop Background For Photography Backdrop Photoshoot Ba...,15.224323589394968,3.912268518518519,"['accessories', 'tv, audio & cameras', 'home & kitchen']","['Cameras', 'Bags & Luggage', 'Camera Accessories', 'All Electronics', 'Home Furnishing', 'Home Décor']",2946
Shopnet Wireless Bluetooth Speaker Tg113 For Bentley Continental Ultra Boost Bass With Dj Sound Portable Home Speaker With...,14.339208357857563,3.485217391304348,"['tv, audio & cameras']","['Speakers', 'All Electronics']",6810
Silgo .925 Sterling Silver Cubic-Zirconia Ring For Women,33.28428759028234,3.971224018475751,"['stores', ""kids' fashion"", 'industrial supplies', 'toys & baby products', 'accessories']","['Baby Fashion', 'The Designer Boutique', 'Baby Bath, Skin & Grooming', ""Kids' Fashion"", 'Watches', 'Fashion & Silver Jewellery', 'Amazon Fashion', ""Men's Fashion"", 'Gold & Diamond Jewellery', 'Lab & Scientific', ""Women's Fashion"", 'Jewellery']",6376
Siovs 1080P Home Security Cctv Camera Wifi Hd Ip Dome Camera Night Vision Security Camera,53.023554388268764,3.4003598560575767,"['industrial supplies', 'car & motorbike', 'tv, audio & cameras', 'home & kitchen']","['Cameras', 'Home Audio & Theater', 'Camera Accessories', 'Industrial & Scientific Supplies', 'Car Electronics', 'All Electronics', 'Speakers', 'All Home & Kitchen', 'Home Entertainment Systems', 'Security Cameras', 'Home Improvement']",9814
Skyben Regular Fit T-Shirt T-Shirt,10.872214857428714,3.84670301584597,"['stores', 'pet supplies', ""kids' fashion"", ""men's clothing"", ""women's clothing"", ""men's shoes"", 'sports & fitness', 'toys & baby products', 'music', 'home & kitchen']","['Ethnic Wear', 'Cricket', 'T-shirts & Polos', 'Western Wear', 'Amazon Fashion', ""Men's Fashion"", 'Cycling', 'All Pet Supplies', 'Football', 'Running', 'All Sports, Fitness & Outdoors', 'Badminton', 'All Exercise & Fitness', 'Sportswear', ""Kids' Clothing"", 'Musical Instruments & Professional Audio', 'Lingerie & Nightwear', 'Baby Fashion', 'The Designer Boutique', ""Kids' Fashion"", 'Casual Shoes', 'Camping & Hiking', 'Jeans', 'Dog supplies', 'Baby Products', 'Shirts', 'Clothing', 'Innerwear', 'Sports Shoes', 'Yoga', ""Women's Fashion"", 'Sewing & Craft Supplies']",16146
Skyish Shoe For Men'S,48.83888593661036,3.8746094946401226,"['beauty & health', 'stores', ""women's shoes"", ""kids' fashion"", 'appliances', 'bags & luggage', 'industrial supplies', ""men's shoes"", 'car & motorbike', 'sports & fitness', 'accessories', 'tv, audio & cameras', 'home & kitchen']","['Bags & Luggage', 'Cricket', 'All Appliances', 'Camera Accessories', 'Heating & Cooling Appliances', 'Car Parts', 'Amazon Fashion', ""Men's Fashion"", 'Football', 'Running', 'School Bags', 'All Sports, Fitness & Outdoors', 'Formal Shoes', 'Kitchen & Home Appliances', 'Fashion Sandals', 'Health & Personal Care', 'Travel Accessories', 'Furniture', 'Badminton', 'All Home & Kitchen', 'Shoes', 'All Exercise & Fitness', 'Home Décor', 'Sportswear', 'Ballerinas', 'All Car & Motorbike Products', 'Household Supplies', 'Baby Fashion', ""Kids' Fashion"", 'Casual Shoes', 'Fashion & Silver Jewellery', 'Handbags & Clutches', 'Washing Machines', 'Car & Bike Care', 'Jewellery', 'Cameras', 'Home Storage', 'Industrial & Scientific Supplies', 'Sports Shoes', 'Backpacks', ""Kids' Shoes"", ""Women's Fashion""]",11072
Skywall 101.6 Cm Full Hd Led Smart Tv 40Swfhs,427.5728781204112,4.067821782178218,"['stores', 'appliances', 'bags & luggage', 'industrial supplies', 'accessories', 'tv, audio & cameras', 'home & kitchen']","['Home Entertainment Systems', 'Bags & Luggage', 'Cameras', 'All Appliances', 'Suitcases & Trolley Bags', 'Camera Accessories', 'Home Audio & Theater', 'Industrial & Scientific Supplies', 'All Electronics', 'Speakers', 'Amazon Fashion', 'All Home & Kitchen', 'Televisions', 'Indoor Lighting']",3496
Sling Bag Crossbody Bag Sider Sling Bag Men Women'S Sling Bag,18.260214917825536,3.9192612687813018,"['stores', ""women's shoes"", 'bags & luggage', ""kids' fashion"", ""men's shoes"", 'sports & fitness', 'toys & baby products', 'accessories', 'tv, audio & cameras', 'home & kitchen']","['Bags & Luggage', 'Camera Accessories', 'All Electronics', 'Amazon Fashion', ""Men's Fashion"", 'School Bags', 'All Sports, Fitness & Outdoors', 'Fashion Sandals', 'Travel Accessories', 'Rucksacks', 'Travel Duffles', 'Shoes', 'Diapers', 'Wallets', 'The Designer Boutique', ""Kids' Fashion"", 'Fashion & Silver Jewellery', 'Handbags & Clutches', 'Camping & Hiking', 'Cameras', 'Fashion Sales & Deals', 'Sports Shoes', 'Backpacks', ""Kids' Shoes"", ""Women's Fashion"", 'Sewing & Craft Supplies']",12808
Soxco Men'S Ankle Length Cotton Socks,210.9510394932936,3.8164039408866994,"['beauty & health', 'stores', 'pet supplies', ""women's shoes"", ""kids' fashion"", 'bags & luggage', ""men's clothing"", ""women's clothing"", ""men's shoes"", 'car & motorbike', 'sports & fitness', 'toys & baby products', 'accessories', 'home & kitchen']","['Bags & Luggage', 'Ethnic Wear', 'Cricket', 'Western Wear', 'Amazon Fashion', ""Men's Fashion"", 'Cycling', 'All Pet Supplies', 'Football', 'Sunglasses', 'Running', 'All Sports, Fitness & Outdoors', 'Formal Shoes', 'Fashion Sandals', 'Shoes', 'All Exercise & Fitness', 'Strollers & Prams', 'Sportswear', 'Ballerinas', ""Kids' Clothing"", 'Wallets', 'Lingerie & Nightwear', 'Strength Training', 'Baby Fashion', 'The Designer Boutique', ""Kids' Fashion"", 'Casual Shoes', 'Fashion & Silver Jewellery', 'Handbags & Clutches', 'Beauty & Grooming', 'Jeans', 'Dog supplies', 'Baby Products', 'Diet & Nutrition', 'Home Storage', 'Fashion Sales & Deals', 'Fitness Accessories', 'Clothing', 'Innerwear', 'Sports Shoes', 'Motorbike Accessories & Parts', 'Yoga', ""Kids' Shoes"", ""Women's Fashion""]",5604
Spy Camera|Spy Camera For Bathroom|Spy Camera For Home|Spy Camera Audio Video Recording|Spy Camera Button|Spy Camera For H...,88.52965809333128,3.6134615384615385,"['beauty & health', 'stores', 'home, kitchen, pets', ""kids' fashion"", 'appliances', 'bags & luggage', 'industrial supplies', 'car & motorbike', 'sports & fitness', 'toys & baby products', 'music', 'accessories', 'tv, audio & cameras', 'home & kitchen']","['Bags & Luggage', 'Camera Accessories', 'Heating & Cooling Appliances', 'All Electronics', 'Car Parts', 'Speakers', 'Amazon Fashion', 'Toys & Games', 'Cycling', 'Televisions', 'Refurbished & Open Box', 'School Bags', 'All Sports, Fitness & Outdoors', 'Watches', 'Health & Personal Care', 'Car Electronics', 'All Home & Kitchen', 'Nursing & Feeding', 'Home Entertainment Systems', 'Security Cameras', 'All Car & Motorbike Products', 'Musical Instruments & Professional Audio', 'Handbags & Clutches', 'Refrigerators', 'Home Improvement', 'Jewellery', 'Cameras', 'Make-up', 'Industrial & Scientific Supplies', 'Backpacks', 'Test, Measure & Inspect', ""Women's Fashion""]",13898
Star 1.5 Ton 5 Star Inverter Split Ac,383.297663507109,3.972262773722628,"['beauty & health', 'stores', 'home, kitchen, pets', 'appliances', 'bags & luggage', ""men's clothing"", ""women's clothing"", 'car & motorbike', 'accessories', 'tv, audio & cameras', 'home & kitchen']","['Bags & Luggage', 'All Appliances', 'T-shirts & Polos', 'Heating & Cooling Appliances', 'All Electronics', 'Western Wear', 'Amazon Fashion', 'Refurbished & Open Box', 'Kitchen & Home Appliances', 'Travel Accessories', 'Car Electronics', 'All Home & Kitchen', 'Home Entertainment Systems', 'Lingerie & Nightwear', 'Household Supplies', 'Air Conditioners', 'Refrigerators', 'Washing Machines', 'Jewellery', 'Clothing', 'Innerwear']",5352
Takshila Gems® Natural Bloodstone / Pitonia Stone Lab Certified 7.25 Ratti / 6.52 Carat Gemstone,58.155118122474356,3.617477328936521,"['beauty & health', 'stores', ""kids' fashion"", 'music', 'grocery & gourmet foods', 'accessories', 'home & kitchen']","['Musical Instruments & Professional Audio', 'Diet & Nutrition', 'Household Supplies', 'Make-up', ""Kids' Fashion"", 'Fashion & Silver Jewellery', 'All Grocery & Gourmet Foods', 'Amazon Fashion', ""Men's Fashion"", 'Beauty & Grooming', 'Gold & Diamond Jewellery', 'Home Décor', ""Women's Fashion"", 'Jewellery']",13004
Tanvi J Gold Plated Laminated Pola For Women,19.38080825208422,3.7955543652919124,"['beauty & health', 'stores', ""kids' fashion"", 'appliances', 'bags & luggage', ""men's clothing"", ""women's clothing"", 'industrial supplies', ""men's shoes"", 'car & motorbike', 'grocery & gourmet foods', 'accessories', 'tv, audio & cameras', 'home & kitchen']","['Bags & Luggage', 'Ethnic Wear', 'All Appliances', 'All Electronics', 'Amazon Fashion', ""Men's Fashion"", 'Coffee, Tea & Beverages', 'Lab & Scientific', 'Indoor Lighting', 'Watches', 'Kitchen & Home Appliances', 'Travel Accessories', 'Gold & Diamond Jewellery', 'Home Entertainment Systems', 'Home Décor', ""Kids' Clothing"", 'Wallets', 'Car Accessories', 'Baby Fashion', 'The Designer Boutique', ""Kids' Fashion"", 'Casual Shoes', 'Fashion & Silver Jewellery', 'Handbags & Clutches', 'Beauty & Grooming', 'Home Improvement', 'Jewellery', 'Personal Care Appliances', 'Clothing', 'Headphones', 'Innerwear', 'Test, Measure & Inspect', ""Kids' Shoes"", ""Women's Fashion"", 'Sewing & Craft Supplies']",14370
Tommy Hilfiger,44.345422993492406,4.103232323232323,"['stores', ""kids' fashion"", 'bags & luggage', ""men's clothing"", ""women's clothing"", ""men's shoes"", 'sports & fitness', 'accessories', 'tv, audio & cameras']","['Bags & Luggage', 'T-shirts & Polos', 'All Electronics', 'Western Wear', 'Amazon Fashion', ""Men's Fashion"", 'Sunglasses', 'School Bags', 'All Sports, Fitness & Outdoors', 'Formal Shoes', 'Watches', 'Suitcases & Trolley Bags', 'Travel Accessories', 'Sportswear', 'Wallets', ""Kids' Fashion"", 'Casual Shoes', 'Handbags & Clutches', 'Jeans', 'Shirts', 'Innerwear', 'Backpacks', ""Women's Fashion""]",1858
Us Polo Assn. Men'S Cottontrunks,20.113730017761988,3.816634050880626,"['stores', ""kids' fashion"", 'bags & luggage', ""women's shoes"", ""men's clothing"", ""women's clothing"", ""men's shoes"", 'car & motorbike', 'sports & fitness', 'accessories']","['Bags & Luggage', 'Cricket', 'T-shirts & Polos', 'Western Wear', ""Men's Fashion"", 'Cycling', 'Football', 'Running', 'All Sports, Fitness & Outdoors', 'Formal Shoes', 'Watches', 'Car Electronics', 'All Exercise & Fitness', 'Ballerinas', 'Sportswear', ""Kids' Clothing"", 'Wallets', 'Baby Fashion', ""Kids' Fashion"", 'Casual Shoes', 'Jeans', 'Shirts', 'Clothing', 'Innerwear', 'Sports Shoes']",7914
Van Heusen Women'S Top (Vwtsfrgh254222_Black_X-Small,14.303597671880683,3.9688113413304253,"['stores', ""women's shoes"", ""kids' fashion"", 'bags & luggage', ""men's clothing"", ""women's clothing"", ""men's shoes"", 'sports & fitness', 'accessories', 'home & kitchen']","['Bags & Luggage', 'Ethnic Wear', 'Cricket', 'T-shirts & Polos', 'Western Wear', 'Amazon Fashion', ""Men's Fashion"", 'Cycling', 'Football', 'Running', 'School Bags', 'All Sports, Fitness & Outdoors', 'Formal Shoes', 'Fashion Sandals', 'Travel Accessories', 'Shoes', 'All Exercise & Fitness', 'Home Furnishing', 'Sportswear', 'Wallets', 'Lingerie & Nightwear', 'Casual Shoes', 'Handbags & Clutches', 'Jeans', 'Shirts', 'Clothing', 'Innerwear', 'Backpacks', 'Yoga', ""Women's Fashion""]",5516
"Vinanti Travel Bag Waterproof Foldable Travel Luggage Bag For Unisex Luggage Travel, Sport Handbags,Set Of 1",45.9887899050906,3.9538295243977766,"['beauty & health', 'stores', 'pet supplies', ""kids' fashion"", 'bags & luggage', 'appliances', ""men's clothing"", ""women's clothing"", 'industrial supplies', ""men's shoes"", 'car & motorbike', 'sports & fitness', 'toys & baby products', 'grocery & gourmet foods', 'accessories', 'music', 'tv, audio & cameras', 'home & kitchen']","['Bags & Luggage', 'All Appliances', 'Camera Accessories', 'T-shirts & Polos', 'Luxury Beauty', 'All Electronics', 'Heating & Cooling Appliances', 'Speakers', 'Amazon Fashion', 'Toys & Games', ""Men's Fashion"", 'Coffee, Tea & Beverages', 'School Bags', 'All Sports, Fitness & Outdoors', 'Kitchen & Home Appliances', 'Suitcases & Trolley Bags', 'Health & Personal Care', 'Travel Accessories', 'Rucksacks', 'Furniture', 'Travel Duffles', 'Bedroom Linen', 'All Home & Kitchen', 'All Exercise & Fitness', 'Nursing & Feeding', 'Home Entertainment Systems', 'Security Cameras', 'Kitchen & Dining', 'Strollers & Prams', 'Sportswear', 'Home Décor', 'Diapers', 'All Car & Motorbike Products', 'Wallets', 'Lingerie & Nightwear', 'Car Accessories', 'Musical Instruments & Professional Audio', 'The Designer Boutique', 'Casual Shoes', 'Fashion & Silver Jewellery', 'Handbags & Clutches', 'Camping & Hiking', 'Beauty & Grooming', 'Refrigerators', 'Washing Machines', 'Dog supplies', 'Baby Products', 'Cameras', 'Home Storage', 'Personal Care Appliances', 'Kitchen Storage & Containers', 'Make-up', 'Clothing', 'Industrial & Scientific Supplies', 'Backpacks', 'Motorbike Accessories & Parts', 'Test, Measure & Inspect', ""Women's Fashion""]",9600
Virja Analogue Dial Women'S & Girls Watch Mt-Meena,19.860949868073877,3.599044453676776,"['beauty & health', 'stores', ""kids' fashion"", 'bags & luggage', 'industrial supplies', 'music', 'accessories']","[""Kids' Watches"", 'Musical Instruments & Professional Audio', ""Kids' Fashion"", 'Fashion & Silver Jewellery', 'Backpacks', 'Amazon Fashion', ""Men's Fashion"", 'Beauty & Grooming', 'Test, Measure & Inspect', 'Watches', ""Women's Fashion""]",7670
Vnq Remote Compatible With Lloyd/Videocon/Voltas/Blue Star/Carrier Ac Remote Control,12.49757215114549,3.87482782369146,"['beauty & health', 'appliances', 'car & motorbike', 'toys & baby products', 'tv, audio & cameras', 'home & kitchen']","['All Appliances', 'Toys Gifting Store', 'Camera Accessories', 'Home Audio & Theater', 'Luxury Beauty', 'All Electronics', 'Heating & Cooling Appliances', 'Speakers', 'Toys & Games', 'Televisions', 'Indoor Lighting', 'Kitchen & Home Appliances', 'Car Electronics', 'All Home & Kitchen', 'Home Entertainment Systems', 'Security Cameras', 'All Car & Motorbike Products', 'Car Accessories', 'Home Improvement', 'Cameras', 'Headphones', 'Motorbike Accessories & Parts']",6794
World Wear Footwear Men'S _1217-1077) Multicolor Casual Sneakers Running Shoes 7 Uk,10.156268292682928,3.3040404040404043,"['stores', ""kids' fashion"", ""women's shoes"", ""men's shoes"", 'sports & fitness', 'grocery & gourmet foods']","['Casual Shoes', 'Sports Shoes', 'All Grocery & Gourmet Foods', ""Men's Fashion"", 'Shoes', 'Running', ""Kids' Shoes""]",4194
Wrangler Men'S Slim Jeans (Wmjn005520_Light Indigo,27.082954014029617,3.6496503496503494,"[""men's shoes"", 'stores', ""men's clothing"", ""women's clothing""]","['Shirts', 'T-shirts & Polos', 'Casual Shoes', 'Western Wear', ""Men's Fashion"", 'Jeans']",2624
Xordux Tripod Mount Adapter For Mobile Phone | Mobile Holder Clip For Tripod Stand | Tripod Mobile Mount With 360 Degree R...,18.84797511312217,3.8737679269882657,"['beauty & health', 'stores', 'appliances', 'bags & luggage', 'industrial supplies', 'car & motorbike', 'sports & fitness', 'toys & baby products', 'music', 'accessories', 'tv, audio & cameras', 'home & kitchen']","['Bags & Luggage', 'All Appliances', 'Camera Accessories', 'Janitorial & Sanitation Supplies', 'Heating & Cooling Appliances', 'All Electronics', 'Car Parts', 'Speakers', 'Amazon Fashion', 'Toys & Games', 'Cycling', ""Men's Fashion"", 'Running', 'Televisions', 'All Sports, Fitness & Outdoors', 'Lab & Scientific', 'Indoor Lighting', 'Kitchen & Home Appliances', 'Baby Bath, Skin & Grooming', 'Travel Accessories', 'Rucksacks', 'Furniture', 'Car Electronics', 'All Home & Kitchen', 'All Exercise & Fitness', 'Home Entertainment Systems', 'Home Furnishing', 'Security Cameras', 'Kitchen & Dining', 'Strollers & Prams', 'Home Décor', 'All Car & Motorbike Products', 'Wallets', 'Musical Instruments & Professional Audio', 'Strength Training', 'Fashion & Silver Jewellery', 'Handbags & Clutches', 'Camping & Hiking', 'Refrigerators', 'Air Conditioners', 'Washing Machines', 'Baby Products', 'Home Improvement', 'Jewellery', 'Cameras', 'Home Storage', 'Personal Care Appliances', 'Kitchen Storage & Containers', 'Garden & Outdoors', 'Industrial & Scientific Supplies', 'Fitness Accessories', 'Make-up', 'Headphones', 'Backpacks', 'Motorbike Accessories & Parts', 'Test, Measure & Inspect', 'Sewing & Craft Supplies']",8944
Zaveri Pearls Gold Tone Kundan & Pearls Choker Necklace & Earring Set For Women-Zpfk9656,22.46020208604954,3.8994971264367817,"['beauty & health', 'stores', ""kids' fashion"", 'toys & baby products', 'grocery & gourmet foods', 'accessories']","['Diet & Nutrition', ""Kids' Fashion"", 'Fashion & Silver Jewellery', 'Toys & Games', 'Amazon Fashion', 'Beauty & Grooming', 'Coffee, Tea & Beverages', ""Men's Fashion"", 'Watches', ""Women's Fashion"", 'Jewellery']",3072
Zeya Yellow Gold Ring,210.96032880629022,4.1647058823529415,"[""men's shoes"", 'accessories']","['Sports Shoes', 'Handbags & Clutches', 'Fashion & Silver Jewellery', 'Gold & Diamond Jewellery', 'Jewellery']",2922
